지점,지점명,일시,기온(°C),기온 QC플래그,강수량(mm),강수량 QC플래그,풍속(m/s),풍속 QC플래그,풍향(16방위),풍향 QC플래그,습도(%),습도 QC플래그,증기압(hPa),이슬점온도(°C),현지기압(hPa),현지기압 QC플래그,해면기압(hPa),해면기압 QC플래그,일조(hr),일조 QC플래그,일사(MJ/m2),일사 QC플래그,적설(cm),3시간신적설(cm),전운량(10분위),중하층운량(10분위),운형(운형약어),최저운고(100m ),시정(10m),지면상태(지면상태코드),현상번호(국내식),지면온도(°C),지면온도 QC플래그,5cm 지중온도(°C),10cm 지중온도(°C),20cm 지중온도(°C),30cm 지중온도(°C)
108,서울,2023-06-01 00:00,20.7,,,,2,,250,,66,,16.1,14.1,999.4,,1009.3,,,9,,9,,,10,0,,,2000,,,19.2,,23.6,23.6,23.1,22.5
108,서울,2023-06-01 01:00,20.5,,,,1,,270,,67,,16.1,14.1,998.9,,1008.8,,,9,,9,,,10,10,,48,2000,,,19.2,,23.2,23.2,22.9,22.5
108,서울,2023-06-01 02:00,20.4,,,,1.1,,270,,69,,16.5,14.5,998.8,,1008.7,,,9,,9,,,10,2,,16,2000,,,18.9,,23,23,22.7,22.4
108,서울,2023-06-01 03:00,20.1,,,,1.2,,320,,70,,16.4,14.4,998.5,,1008.4,,,9,,9,,,10,2,ScCs,15,2000,,,18.7,,22.7,22.7,22.6,22.4
108,서울,2023-06-01 04:00,20.2,,,,1.4,,290,,70,,16.5,14.5,998.2,,1008.1,,,9,,9,,,10,3,ScCs,14,2000,,,18.6,,22.5,22.5,22.4,22.3
108,서울,2023-06-01 05:00,19.9,,,,1.4,,290,,75,,17.4,15.3,997.8,,1007.7,,,9,,9,,,10,2,ScAcCs,14,2000,,,18.5,,22.3,22.3,22.2,22.2
108,서울,2023-06-01 06:00,19.7,,,,.9,,340,,76,,17.4,15.3,998.3,,1008.1,,0,,.02,,,,10,4,AcCs,40,2000,,,18.7,,22.1,22.1,22,22.1
108,서울,2023-06-01 07:00,19.8,,,,1.8,,20,,76,,17.5,15.4,997.5,,1007.4,,0,,.16,,,,10,0,Cs,,2000,,,19.8,,22,21.9,21.9,22
108,서울,2023-06-01 08:00,20.7,,,,1.1,,50,,73,,17.7,15.6,997.5,,1007.4,,0,,.47,,,,10,0,Cs,,2000,,,22.6,,21.9,21.9,21.7,21.9
108,서울,2023-06-01 09:00,22.1,,,,.8,,320,,70,,18.5,16.3,997.5,,1007.3,,0,,.93,,,,10,2,AcCs,35,2000,,,26.2,,22.2,21.9,21.6,21.8
108,서울,2023-06-01 10:00,23.1,,,,.7,,340,,67,,18.9,16.6,997.5,,1007.2,,.1,,1.1,,,,10,6,AcCi,35,1998,,,26.3,,22.7,22.2,21.6,21.7
108,서울,2023-06-01 11:00,23.6,,,,1.8,,290,,67,,19.5,17.1,997.5,,1007.2,,0,,1.14,,,,9,9,Ac,35,2000,,,27.5,,23.1,22.5,21.6,21.6
108,서울,2023-06-01 12:00,25.3,,,,2.4,,20,,61,,19.6,17.2,996.5,,1006.2,,.4,,2.32,,,,10,1,ScCs,9,2000,,,32.8,,23.7,22.8,21.7,21.6
108,서울,2023-06-01 13:00,24.9,,,,2.3,,290,,61,,19.1,16.8,995.8,,1005.5,,0,,1.41,,,,10,6,AcCi,35,2000,,,30.8,,24.2,23.3,21.8,21.6
108,서울,2023-06-01 14:00,25.2,,,,2.7,,290,,59,,18.9,16.6,995.3,,1005,,0,,1.71,,,,10,4,ScCi,15,2000,,,34.3,,24.5,23.6,22,21.6
108,서울,2023-06-01 15:00,25.3,,,,2.2,,290,,60,,19.2,16.9,994.6,,1004.3,,0,,1.51,,,,8,2,ScAc,11,1959,,,31.8,,24.9,23.9,22.2,21.7
108,서울,2023-06-01 16:00,25.7,,,,2.5,,320,,59,,19.4,17,993.6,,1003.3,,.3,,1.54,,,,6,6,Sc,11,1616,,,33.7,,25,24.1,22.4,21.8
108,서울,2023-06-01 17:00,26.1,,,,1.7,,290,,57,,19.2,16.9,992.9,,1002.5,,.5,,1.38,,,,6,6,Sc,14,1625,,,32,,25.2,24.3,22.6,21.9
108,서울,2023-06-01 18:00,25.6,,,,2.4,,270,,59,,19.2,16.9,992.6,,1002.3,,.5,,.99,,,,6,6,Sc,14,1923,,,27.7,,25.3,24.4,22.8,21.9
108,서울,2023-06-01 19:00,25.1,,,,2.6,,290,,56,,17.7,15.6,992.5,,1002.2,,.4,,.41,,,,6,6,,12,2000,,,24.8,,25.1,24.4,22.9,22.1
108,서울,2023-06-01 20:00,23.6,,,,2.5,,270,,58,,16.8,14.8,992.9,,1002.6,,0,,.09,,,,5,5,,12,2000,,,21.7,,24.8,24.3,23,22.1
108,서울,2023-06-01 21:00,22.7,,,,2.8,,250,,64,,17.6,15.5,993,,1002.7,,,9,,9,,,4,4,Sc,18,2000,,,20.3,,24.2,24,23,22.2
108,서울,2023-06-01 22:00,22.2,,,,2.5,,250,,69,,18.4,16.2,993.5,,1003.3,,,9,,9,,,5,5,,11,2000,,,20.2,,23.8,23.7,22.9,22.3
108,서울,2023-06-01 23:00,21.5,,,,2.7,,270,,74,,18.9,16.6,993.6,,1003.4,,,9,,9,,,7,7,,8,2000,,,20.1,,23.5,23.4,22.8,22.3
108,서울,2023-06-02 00:00,21.2,,,,2.4,,270,,75,,18.8,16.5,993.5,,1003.3,,,9,,9,,,8,8,,,2000,,,20.1,,23.2,23.1,22.7,22.3
108,서울,2023-06-02 01:00,20.8,,,,1.7,,290,,74,,18.1,15.9,993,,1002.8,,,9,,9,,,6,6,,8,2000,,,19.2,,22.9,22.9,22.5,22.3
108,서울,2023-06-02 02:00,20,,,,1.6,,290,,77,,17.9,15.8,992.9,,1002.8,,,9,,9,,,3,1,,,2000,,,17.8,,22.7,22.7,22.4,22.2
108,서울,2023-06-02 03:00,19.3,,,,1.4,,270,,78,,17.4,15.3,992.3,,1002.1,,,9,,9,,,2,0,Ci,,2000,,,17.1,,22.3,22.4,22.2,22.1
108,서울,2023-06-02 04:00,18.7,,,,1.2,,290,,80,,17.2,15.1,991.8,,1001.6,,,9,,9,,,3,0,Ci,,1999,,,16.5,,22,22.1,22.1,22.1
108,서울,2023-06-02 05:00,18.4,,,,2,,270,,83,,17.5,15.4,992.2,,1002.1,,,9,,9,,,7,7,Sc,6,1998,,,17.1,,21.7,21.8,21.9,22
108,서울,2023-06-02 06:00,18,,,,1.4,,290,,83,,17,15,991.7,,1001.6,,0,,.06,,,,1,1,Sc,10,1299,,,16.7,,21.4,21.6,21.7,21.9
108,서울,2023-06-02 07:00,18.1,,,,3.1,,270,,89,,18.4,16.2,992.4,,1002.3,,.4,,.37,,,,7,7,St,3,822,,19,18.5,,21.3,21.4,21.5,21.8
108,서울,2023-06-02 08:00,18.4,,,,1.4,,270,,85,,17.9,15.8,992.2,,1002.1,,0,,.43,,,,7,7,St,3,1406,,19,20.5,,21.3,21.3,21.4,21.7
108,서울,2023-06-02 09:00,18.5,,,,2.2,,270,,87,,18.4,16.2,992,,1001.9,,0,,.31,,,,9,9,St,3,1491,,,20.6,,21.4,21.3,21.2,21.6
108,서울,2023-06-02 10:00,19.1,,,,1.9,,270,,83,,18.3,16.1,992,,1001.8,,0,,.51,,,,10,10,St,3,1728,,,21.8,,21.5,21.3,21.1,21.5
108,서울,2023-06-02 11:00,19.6,,,,1.8,,250,,83,,18.9,16.6,992.2,,1002,,0,,.62,,,,10,10,St,4,1594,,,23.8,,21.6,21.4,21.1,21.4
108,서울,2023-06-02 12:00,19.8,,,,2.7,,290,,82,,18.9,16.6,992.4,,1002.3,,0,,.62,,,,10,10,St,4,1428,,,23.5,,21.9,21.5,21,21.3
108,서울,2023-06-02 13:00,20.4,,,,2.5,,290,,81,,19.4,17,992.4,,1002.2,,0,,.85,,,,10,10,St,4,1538,,,26.2,,22.1,21.6,21.1,21.3
108,서울,2023-06-02 14:00,21.5,,0,,2.4,,270,,78,,19.9,17.4,991.8,,1001.6,,.2,,1.6,,,,3,3,Sc,9,1798,,02,33.4,,22.4,21.8,21.1,21.2
108,서울,2023-06-02 15:00,23.8,,,9,2.5,,250,,66,,19.4,17,991.3,,1000.9,,.8,,2.85,,,,3,3,Sc,6,2000,,,36.4,,23.3,22.3,21.2,21.2
108,서울,2023-06-02 16:00,24.4,,,9,2.2,,250,,61,,18.5,16.3,991.2,,1000.8,,.8,,2.31,,,,6,2,ScCi,9,2000,,,34.3,,24.1,23,21.4,21.2
108,서울,2023-06-02 17:00,24.6,,,9,3.6,,250,,61,,18.8,16.5,991.2,,1000.8,,.7,,1.65,,,,6,6,Sc,11,2000,,,30.8,,24.5,23.4,21.6,21.2
108,서울,2023-06-02 18:00,24.4,,,9,3.2,,250,,63,,19.1,16.8,991.5,,1001.1,,1,,1.38,,,,2,1,ScCi,10,2000,,,28.2,,24.5,23.7,21.9,21.3
108,서울,2023-06-02 19:00,22.6,,,9,4.1,,250,,71,,19.4,17,992,,1001.7,,1,,.56,,,,1,1,,,2000,,,23.2,,24.4,23.7,22.2,21.5
108,서울,2023-06-02 20:00,21.3,,,9,2.6,,250,,74,,18.6,16.4,992.8,,1002.6,,.3,,.12,,,,4,1,,,2000,,,20.6,,23.9,23.5,22.3,21.6
108,서울,2023-06-02 21:00,20.5,,,9,2.9,,250,,77,,18.5,16.3,993.8,,1003.7,,,9,,9,,,1,1,Sc,10,2000,,,19.1,,23.4,23.2,22.3,21.7
108,서울,2023-06-02 22:00,19.8,,,9,2.6,,270,,80,,18.4,16.2,994.6,,1004.5,,,9,,9,,,0,0,,,1936,,,18.2,,22.9,22.9,22.3,21.8
108,서울,2023-06-02 23:00,19.3,,,9,1.2,,230,,80,,17.8,15.7,994.9,,1004.7,,,9,,9,,,0,0,,,1882,,,17.4,,22.5,22.5,22.2,21.8
108,서울,2023-06-03 00:00,18.8,,,9,1.9,,250,,83,,17.9,15.8,995.2,,1005.1,,,9,,9,,,0,0,,,1397,,,16.9,,22.1,22.2,22,21.8
108,서울,2023-06-03 01:00,18.4,,,,1.4,,200,,86,,18.2,16,995.4,,1005.3,,,9,,9,,,1,1,,,1333,,,16.4,,21.7,21.9,21.8,21.8
108,서울,2023-06-03 02:00,18.1,,,,2.3,,250,,86,,17.8,15.7,995.4,,1005.3,,,9,,9,,,1,1,,,1325,,,16,,21.4,21.6,21.7,21.7
108,서울,2023-06-03 03:00,17.7,,,,1.2,,290,,87,,17.6,15.5,995.7,,1005.6,,,9,,9,,,0,0,,,1461,,,15.6,,21.1,21.3,21.5,21.7
108,서울,2023-06-03 04:00,17.5,,,,1,,340,,86,,17.2,15.1,996.1,,1006.1,,,9,,9,,,0,0,,,1972,,,15.3,,20.9,21.1,21.3,21.6
108,서울,2023-06-03 05:00,17,,,,0,,0,,86,,16.6,14.6,996.5,,1006.5,,,9,,9,,,1,1,Sc,10,2000,,,14.5,,20.7,20.9,21.1,21.5
108,서울,2023-06-03 06:00,16.7,,,,1,,290,,86,,16.3,14.3,997.3,,1007.3,,0,,.05,,,,0,0,,,2000,,,14.6,,20.3,20.6,20.9,21.4
108,서울,2023-06-03 07:00,17.7,,,,1,,50,,82,,16.5,14.5,997.6,,1007.6,,1,,.58,,,,0,0,,,2000,,,18.1,,20.1,20.4,20.7,21.2
108,서울,2023-06-03 08:00,19.9,,,,1,,70,,69,,16,14,998.2,,1008.1,,1,,1.37,,,,0,0,,,2000,,,25.1,,20.3,20.3,20.6,21.1
108,서울,2023-06-03 09:00,22,,,,2.3,,270,,56,,14.8,12.8,998.6,,1008.4,,1,,2.1,,,,0,0,,,2000,,,31.2,,20.9,20.5,20.4,21
108,서울,2023-06-03 10:00,23.5,,,,3.3,,290,,50,,14.4,12.4,999.1,,1008.8,,1,,2.72,,,,0,0,,,2000,,,36.9,,21.6,21,20.4,20.9
108,서울,2023-06-03 11:00,24.8,,,,3,,320,,41,,12.8,10.6,999.1,,1008.9,,1,,3.27,,,,0,0,,,2000,,,42.1,,22.5,21.6,20.5,20.8
108,서울,2023-06-03 12:00,25.8,,,,4.2,,320,,39,,12.9,10.7,998.7,,1008.4,,1,,3.56,,,,0,0,,,2000,,,45.2,,23.5,22.3,20.7,20.8
108,서울,2023-06-03 13:00,26.6,,,,3.9,,270,,36,,12.4,10.2,998.4,,1008.1,,1,,3.7,,,,0,0,,,2000,,,47.7,,24.4,23.1,21.1,20.8
108,서울,2023-06-03 14:00,27.2,,,,4.3,,270,,31,,11.1,8.5,997.7,,1007.3,,1,,3.55,,,,1,1,Sc,10,2000,,,47.9,,25.2,23.8,21.4,20.9
108,서울,2023-06-03 15:00,27.7,,,,4.2,,250,,40,,14.8,12.8,997.5,,1007.1,,1,,3.31,,,,1,1,Sc,10,2000,,,46.7,,25.9,24.4,21.9,21
108,서울,2023-06-03 16:00,27.3,,,,4.7,,270,,38,,13.7,11.7,997.3,,1006.9,,1,,2.8,,,,0,0,,,2000,,,43.2,,26.3,24.9,22.3,21.2
108,서울,2023-06-03 17:00,26.9,,,,3.5,,230,,39,,13.7,11.7,997.2,,1006.8,,1,,2.13,,,,2,0,Ci,,2000,,,36.5,,26.4,25.2,22.7,21.5
108,서울,2023-06-03 18:00,25.6,,,,3.7,,250,,41,,13.4,11.3,997.1,,1006.8,,1,,1.27,,,,4,0,Ci,,2000,,,29.2,,26.2,25.2,23,21.7
108,서울,2023-06-03 19:00,24,,,,3,,270,,47,,13.9,11.9,997.5,,1007.2,,1,,.65,,,,4,1,,,2000,,,24.3,,25.7,25.1,23.2,21.9
108,서울,2023-06-03 20:00,22,,,,3.8,,270,,54,,14.2,12.2,998,,1007.8,,.3,,.13,,,,5,1,,,2000,,,21.2,,25.1,24.8,23.4,22.1
108,서울,2023-06-03 21:00,21.2,,,,2.8,,250,,57,,14.3,12.3,998.2,,1008.1,,,9,,9,,,8,0,Ci,,2000,,,19.8,,24.4,24.3,23.3,22.3
108,서울,2023-06-03 22:00,20.4,,,,3.4,,250,,65,,15.5,13.5,999.2,,1009.1,,,9,,9,,,7,1,,,2000,,,18.8,,23.9,23.9,23.2,22.4
108,서울,2023-06-03 23:00,19.8,,,,2.2,,270,,68,,15.7,13.7,999.4,,1009.3,,,9,,9,,,6,1,,,2000,,,17.9,,23.4,23.5,23.1,22.4
108,서울,2023-06-04 00:00,19,,,,2.5,,250,,75,,16.4,14.4,999.5,,1009.4,,,9,,9,,,4,0,Ci,,2000,,,17,,23,23.1,22.9,22.4
108,서울,2023-06-04 01:00,18.2,,,,1.7,,200,,80,,16.6,14.6,999.6,,1009.5,,,9,,9,,,0,0,,,1974,,,16.2,,22.5,22.7,22.7,22.4
108,서울,2023-06-04 02:00,17.8,,,,1.1,,270,,83,,16.8,14.8,999.4,,1009.4,,,9,,9,,,0,0,,,1549,,,15.7,,22.1,22.4,22.4,22.3
108,서울,2023-06-04 03:00,17.4,,,,2,,250,,87,,17.3,15.2,999.7,,1009.7,,,9,,9,,,0,0,,,1203,,,15.4,,21.7,22,22.2,22.2
108,서울,2023-06-04 04:00,17.2,,,,1.6,,200,,88,,17.2,15.1,1000.1,,1010.1,,,9,,9,,,0,0,,,846,,19,15.2,,21.4,21.7,22,22.1
108,서울,2023-06-04 05:00,17.2,,,,1.1,,200,,87,,17,15,1000.1,,1010.1,,,9,,9,,,3,3,St,3,769,,19,16,,21.2,21.4,21.7,22
108,서울,2023-06-04 06:00,16.9,,,,1.5,,250,,87,,16.7,14.7,1000.7,,1010.7,,0,,.05,,,,1,1,Sc,10,897,,19,15.8,,21,21.2,21.5,21.9
108,서울,2023-06-04 07:00,17.3,,,,1,,140,,85,,16.7,14.7,1000.8,,1010.8,,.7,,.45,,,,2,1,ScCi,10,1140,,19,18.5,,20.8,21,21.3,21.7
108,서울,2023-06-04 08:00,19,,,,1.4,,180,,79,,17.3,15.2,1001,,1010.9,,1,,1.29,,,,1,0,Ci,,1478,,,25.7,,21,21,21.2,21.6
108,서울,2023-06-04 09:00,20.9,,,,1.7,,200,,70,,17.3,15.2,1000.8,,1010.7,,1,,1.99,,,,2,0,Ci,,1895,,,33.4,,21.6,21.2,21,21.5
108,서울,2023-06-04 10:00,22.9,,,,2.2,,180,,62,,17.3,15.2,1000.8,,1010.6,,1,,2.66,,,,1,0,Ci,,2000,,,40.8,,22.4,21.6,21,21.4
108,서울,2023-06-04 11:00,24.4,,,,2,,250,,56,,17,15,1000.7,,1010.4,,1,,3.19,,,,2,0,Ci,,2000,,,45.6,,23.2,22.3,21.1,21.3
108,서울,2023-06-04 12:00,26,,,,3,,270,,52,,17.4,15.3,1000.7,,1010.4,,.9,,3.45,,,,3,3,Ac,39,2000,,,49.2,,24.3,23.1,21.3,21.2
108,서울,2023-06-04 13:00,26.2,,,,5.6,,250,,40,,13.6,11.5,1000.6,,1010.3,,.9,,3.46,,,,8,8,Ac,38,2000,,,46.2,,25.2,23.9,21.7,21.3
108,서울,2023-06-04 14:00,26,,,,2.4,,230,,40,,13.4,11.3,999.8,,1009.5,,.2,,2.07,,,,5,2,AcCi,32,2000,,,44.2,,25.6,24.4,22.1,21.4
108,서울,2023-06-04 15:00,27,,,,4,,270,,35,,12.4,10.2,999,,1008.7,,1,,3.3,,,,1,0,Ci,,2000,,,47,,26.1,24.8,22.4,21.5
108,서울,2023-06-04 16:00,27.6,,,,3.4,,270,,32,,11.8,9.4,998.4,,1008,,1,,2.75,,,,1,0,Ci,,2000,,,44.1,,26.5,25.2,22.8,21.7
108,서울,2023-06-04 17:00,27.6,,,,4.4,,250,,30,,11,8.4,998.3,,1007.9,,1,,2.14,,,,1,0,Ci,,2000,,,37.8,,26.6,25.5,23.1,21.9
108,서울,2023-06-04 18:00,26.7,,,,3.4,,250,,35,,12.2,9.9,998.6,,1008.3,,1,,1.41,,,,5,0,Ci,,2000,,,30.7,,26.4,25.6,23.4,22.1
108,서울,2023-06-04 19:00,24.8,,,,3.3,,270,,37,,11.6,9.1,999.3,,1009.1,,.4,,.46,,,,7,1,,,2000,,,25,,26,25.4,23.6,22.3
108,서울,2023-06-04 20:00,23.3,,,,2.5,,250,,38,,10.8,8.1,999.9,,1009.7,,0,,.07,,,,8,1,,,2000,,,21.8,,25.4,25.1,23.7,22.5
108,서울,2023-06-04 21:00,22,,,,4.2,,250,,54,,14.2,12.2,1000.3,,1010.1,,,9,,9,,,8,0,Ci,,2000,,,20.7,,24.8,24.7,23.7,22.6
108,서울,2023-06-04 22:00,21.2,,,,1.8,,250,,61,,15.3,13.3,1000.6,,1010.5,,,9,,9,,,8,1,,,2000,,,19.4,,24.2,24.3,23.6,22.7
108,서울,2023-06-04 23:00,20.7,,,,1.5,,250,,64,,15.6,13.6,1000.8,,1010.7,,,9,,9,,,7,1,,,2000,,,18.7,,23.8,23.9,23.4,22.8
108,서울,2023-06-05 00:00,20.1,,,,.8,,250,,68,,16,14,1000.9,,1010.8,,,9,,9,,,6,0,Ci,,2000,,,17.7,,23.4,23.5,23.2,22.7
108,서울,2023-06-05 01:00,19.6,,,,1.2,,250,,73,,16.6,14.6,1000.9,,1010.8,,,9,,9,,,7,1,,,2000,,,17.2,,23,23.2,23,22.7
108,서울,2023-06-05 02:00,19.2,,,,.6,,290,,73,,16.2,14.2,1000.8,,1010.7,,,9,,9,,,6,1,,,2000,,,16.6,,22.6,22.9,22.8,22.6
108,서울,2023-06-05 03:00,18.7,,,,0,,0,,77,,16.5,14.5,1000.5,,1010.4,,,9,,9,,,5,0,Ci,,2000,,,16.2,,22.3,22.5,22.6,22.6
108,서울,2023-06-05 04:00,18.1,,,,.7,,340,,79,,16.3,14.3,1000.6,,1010.6,,,9,,9,,,1,0,Ci,,2000,,,15.5,,22,22.2,22.4,22.5
108,서울,2023-06-05 05:00,17.8,,,,0,,0,,83,,16.8,14.8,1000.8,,1010.8,,,9,,9,,,0,0,,,2000,,,15.2,,21.7,21.9,22.2,22.3
108,서울,2023-06-05 06:00,17.7,,,,1.2,,20,,82,,16.5,14.5,1000.6,,1010.6,,0,,.06,,,,0,0,,,2000,,,16.1,,21.4,21.7,22,22.2
108,서울,2023-06-05 07:00,18.8,,,,.9,,230,,77,,16.6,14.6,1000.8,,1010.7,,1,,.48,,,,2,2,Sc,15,2000,,,19.9,,21.2,21.5,21.7,22.1
108,서울,2023-06-05 08:00,20.5,,,,1.2,,140,,73,,17.5,15.4,1000.6,,1010.5,,1,,1.05,,,,6,0,Ci,,2000,,,24.9,,21.5,21.4,21.5,22
108,서울,2023-06-05 09:00,21.8,,,,2.8,,200,,71,,18.5,16.3,1000.8,,1010.6,,.9,,1.67,,,,5,3,ScCi,19,2000,,,33.4,,21.9,21.6,21.4,21.8
108,서울,2023-06-05 10:00,22.3,,,,4.2,,200,,68,,18.3,16.1,1001,,1010.8,,.6,,2.05,,,,4,2,ScCc,16,2000,,,34.9,,22.6,22,21.4,21.7
108,서울,2023-06-05 11:00,23.4,,,,3.9,,200,,64,,18.3,16.1,1000.9,,1010.7,,.9,,2.59,,,,7,1,ScCi,19,2000,,,42.3,,23.3,22.5,21.5,21.7
108,서울,2023-06-05 12:00,23.9,,,,3.6,,200,,61,,18.1,15.9,1000.7,,1010.4,,.8,,3.02,,,,6,3,ScAc,10,2000,,,40.9,,24.1,23.1,21.7,21.6
108,서울,2023-06-05 13:00,25.1,,,,4.3,,230,,57,,18.1,15.9,1000.4,,1010.2,,.8,,3.2,,,,3,3,Sc,19,2000,,,49.7,,25,23.8,21.9,21.6
108,서울,2023-06-05 14:00,25.2,,,,3.6,,230,,54,,17.3,15.2,1000.1,,1009.8,,.8,,3.12,,,,4,4,Sc,11,2000,,,44.4,,25.9,24.4,22.2,21.7
108,서울,2023-06-05 15:00,26,,,,3.6,,250,,48,,16.1,14.1,999.5,,1009.2,,.9,,2.85,,,,1,1,Sc,14,2000,,,46.8,,26.3,24.9,22.6,21.8
108,서울,2023-06-05 16:00,25.8,,,,3.9,,250,,49,,16.2,14.2,999.4,,1009.1,,1,,2.7,,,,2,1,AcCi,28,2000,,,43.3,,26.7,25.3,23,21.9
108,서울,2023-06-05 17:00,25.4,,,,4.6,,230,,50,,16.2,14.2,999.3,,1009,,1,,2.06,,,,3,1,ScAc,15,2000,,,38,,26.8,25.6,23.3,22.1
108,서울,2023-06-05 18:00,24.1,,,,4.3,,250,,54,,16.2,14.2,999.3,,1009,,1,,1.31,,,,5,5,Sc,15,2000,,,30.3,,26.6,25.6,23.5,22.3
108,서울,2023-06-05 19:00,22.3,,,,3.4,,230,,60,,16.1,14.1,999.6,,1009.4,,.2,,.36,,,,5,5,,15,2000,,,25.6,,26.1,25.4,23.7,22.5
108,서울,2023-06-05 20:00,21.1,,,,3.4,,250,,64,,16,14,999.9,,1009.8,,0,,.08,,,,6,6,,15,2000,,,21.9,,25.6,25.1,23.8,22.7
108,서울,2023-06-05 21:00,20.4,,,,2.2,,270,,66,,15.8,13.8,1000.4,,1010.3,,,9,,9,,,6,2,ScCi,16,2000,,,20.1,,25,24.8,23.8,22.8
108,서울,2023-06-05 22:00,20,,,,2.4,,250,,68,,15.9,13.9,1000.8,,1010.8,,,9,,9,,,8,2,,,2000,,,19,,24.4,24.3,23.7,22.9
108,서울,2023-06-05 23:00,19.5,,,,2.7,,230,,72,,16.3,14.3,1000.8,,1010.7,,,9,,9,,,7,1,,,2000,,,18.3,,24,24,23.5,22.9
108,서울,2023-06-06 00:00,19,,,,2.6,,250,,76,,16.6,14.6,1000.8,,1010.7,,,9,,9,,,7,1,ScCi,7,2000,,,17.8,,23.5,23.6,23.3,22.9
108,서울,2023-06-06 01:00,18.8,,,,1.6,,250,,78,,16.8,14.8,1000.3,,1010.2,,,9,,9,,,7,7,,6,2000,,,17.9,,23.2,23.3,23.2,22.9
108,서울,2023-06-06 02:00,18.6,,,,2.3,,200,,79,,16.8,14.8,999.5,,1009.4,,,9,,9,,,7,0,,,2000,,,17.4,,22.9,23,22.9,22.8
108,서울,2023-06-06 03:00,18.2,,,,2.3,,250,,83,,17.3,15.2,999.1,,1009,,,9,,9,,,5,3,ScCi,10,2000,,,16.5,,22.6,22.7,22.7,22.7
108,서울,2023-06-06 04:00,17.9,,,,1.5,,270,,84,,17.2,15.1,998.9,,1008.9,,,9,,9,,,3,3,Sc,7,2000,,,16.1,,22.3,22.4,22.5,22.6
108,서울,2023-06-06 05:00,17.6,,,,1.1,,290,,85,,17,15,998.7,,1008.7,,,9,,9,,,1,1,Sc,10,2000,,,15.5,,22,22.2,22.3,22.5
108,서울,2023-06-06 06:00,17.3,,,,.7,,270,,86,,16.9,14.9,998.3,,1008.3,,0,,.05,,,,1,1,Sc,10,2000,,,16.2,,21.7,21.9,22.2,22.4
108,서울,2023-06-06 07:00,18.2,,,,1.5,,270,,84,,17.5,15.4,998.2,,1008.1,,.9,,.52,,,,5,5,Sc,7,2000,,,20.7,,21.6,21.7,22,22.3
108,서울,2023-06-06 08:00,19.4,,,,3.2,,290,,75,,16.8,14.8,998.3,,1008.2,,.9,,1.18,,,,6,6,Sc,7,2000,,,28.3,,21.8,21.7,21.8,22.2
108,서울,2023-06-06 09:00,19.8,,,,2.5,,290,,74,,17,15,998,,1007.9,,.3,,.99,,,,7,7,Sc,7,2000,,,29.8,,22.2,21.8,21.6,22
108,서울,2023-06-06 10:00,20.8,,,,1.9,,270,,68,,16.6,14.6,997.1,,1007,,.4,,1.65,,,,7,4,ScCi,7,2000,,,39.5,,22.5,22,21.6,21.9
108,서울,2023-06-06 11:00,22.6,,,,2,,230,,62,,16.9,14.9,996.8,,1006.6,,.8,,2.74,,,,4,4,Sc,9,2000,,,40.6,,23.3,22.4,21.6,21.8
108,서울,2023-06-06 12:00,23.2,,,,2.5,,230,,59,,16.7,14.7,995.7,,1005.4,,.5,,2.23,,,,8,6,ScCi,10,2000,,,33.5,,24.2,23.1,21.7,21.8
108,서울,2023-06-06 13:00,25,,,,3.4,,200,,55,,17.4,15.3,995.7,,1005.4,,.5,,2.67,,,,4,2,ScAc,12,2000,,,50,,24.7,23.5,22,21.8
108,서울,2023-06-06 14:00,24.5,,,,4.9,,270,,53,,16.2,14.2,995.8,,1005.4,,.8,,3.12,,,,6,6,Sc,12,2000,,,43,,25.4,24.2,22.2,21.8
108,서울,2023-06-06 15:00,22.6,,0,,5.5,,290,,63,,17.2,15.1,996.7,,1006.5,,.3,,1.88,,,,8,8,CuSc,7,2000,,04,31,,25.9,24.6,22.5,21.9
108,서울,2023-06-06 16:00,23.4,,0,,3.2,,250,,63,,18.1,15.9,995.5,,1005.2,,.5,,1.6,,,,2,2,Sc,10,2000,,04,35.8,,25.6,24.7,22.8,22
108,서울,2023-06-06 17:00,23.4,,,9,3.7,,270,,60,,17.2,15.1,995.2,,1004.9,,.6,,1.64,,,,2,2,Ac,35,2000,,,33.5,,25.7,24.7,23,22.2
108,서울,2023-06-06 18:00,22.6,,,9,3.6,,230,,64,,17.5,15.4,995.3,,1005,,.7,,1.15,,,,2,1,ScAc,10,2000,,,28.4,,25.5,24.7,23.2,22.3
108,서울,2023-06-06 19:00,21,,,9,3.9,,290,,70,,17.4,15.3,995.7,,1005.5,,.7,,.48,,,,6,6,,6,2000,,,23.9,,25.2,24.6,23.3,22.4
108,서울,2023-06-06 20:00,19.6,,,9,3.5,,290,,77,,17.5,15.4,996.1,,1005.9,,0,,.08,,,,6,2,,,2000,,,20.1,,24.7,24.4,23.3,22.6
108,서울,2023-06-06 21:00,19.4,,,9,3,,270,,75,,16.8,14.8,996.9,,1006.8,,,9,,9,,,9,9,Sc,6,2000,,,20.5,,24.2,24,23.3,22.6
108,서울,2023-06-06 22:00,19.3,,,9,2.9,,290,,77,,17.2,15.1,997.8,,1007.7,,,9,,9,,,8,8,,6,2000,,,20.4,,23.8,23.7,23.2,22.7
108,서울,2023-06-06 23:00,19.3,,,9,2.4,,270,,78,,17.4,15.3,997.9,,1007.8,,,9,,9,,,8,8,,5,2000,,,20.3,,23.5,23.4,23,22.7
108,서울,2023-06-07 00:00,19.2,,,9,2.3,,250,,79,,17.5,15.4,998,,1007.9,,,9,,9,,,9,9,Sc,6,1991,,,20,,23.3,23.2,22.9,22.7
108,서울,2023-06-07 01:00,19.2,,,,2.8,,200,,81,,17.9,15.8,998,,1007.9,,,9,,9,,,8,8,,5,2000,,,20,,23.1,23,22.8,22.6
108,서울,2023-06-07 02:00,19.1,,,,2.2,,180,,78,,17.2,15.1,998.1,,1008,,,9,,9,,,8,8,,5,2000,,,19.7,,22.9,22.8,22.6,22.6
108,서울,2023-06-07 03:00,19,,,,1.9,,250,,81,,17.7,15.6,998.4,,1008.3,,,9,,9,,,9,9,Sc,5,2000,,,19.6,,22.7,22.6,22.5,22.5
108,서울,2023-06-07 04:00,19,,,,2.6,,200,,80,,17.5,15.4,998.4,,1008.3,,,9,,9,,,9,9,Sc,5,1997,,,19.5,,22.6,22.5,22.4,22.4
108,서울,2023-06-07 05:00,19,,,,2.5,,200,,80,,17.5,15.4,998.4,,1008.3,,,9,,9,,,9,9,Sc,5,2000,,,19.3,,22.4,22.3,22.2,22.4
108,서울,2023-06-07 06:00,19,,,,1.6,,230,,78,,17,15,998.9,,1008.8,,0,,.02,,,,9,9,Sc,5,2000,,,19.6,,22.3,22.2,22.1,22.3
108,서울,2023-06-07 07:00,19,,,,1.9,,180,,82,,17.9,15.8,999.2,,1009.1,,0,,.03,,,,10,10,St,4,1567,,,19.9,,22.2,22.1,22,22.2
108,서울,2023-06-07 08:00,19.2,,,,1.4,,140,,83,,18.4,16.2,999.3,,1009.2,,0,,.12,,,,10,10,St,4,1474,,,20.9,,22.1,22,21.9,22.1
108,서울,2023-06-07 09:00,19.4,,,,2,,140,,82,,18.4,16.2,999.5,,1009.4,,0,,.21,,,,10,10,St,4,1302,,,21.5,,22.2,22,21.8,22
108,서울,2023-06-07 10:00,19.7,,0,,1.5,,160,,83,,19,16.7,999.4,,1009.3,,0,,.26,,,,10,10,St,4,1267,,02,22.7,,22.2,22,21.7,22
108,서울,2023-06-07 11:00,20.4,,0,,1.4,,160,,80,,19.1,16.8,999.1,,1009,,0,,.52,,,,10,10,St,4,1183,,02,27.1,,22.3,22,21.6,21.9
108,서울,2023-06-07 12:00,21.4,,,9,2.4,,90,,77,,19.5,17.1,998.7,,1008.5,,0,,.83,,,,10,10,St,6,1338,,,27.8,,22.7,22.2,21.6,21.8
108,서울,2023-06-07 13:00,21.9,,,9,3.4,,160,,74,,19.4,17,998.5,,1008.3,,0,,.72,,,,10,10,St,6,1266,,,31,,22.9,22.4,21.6,21.8
108,서울,2023-06-07 14:00,23.2,,,9,2,,160,,70,,19.9,17.4,998.1,,1007.8,,0,,1.43,,,,9,9,Sc,8,1381,,,36.8,,23.3,22.6,21.7,21.8
108,서울,2023-06-07 15:00,24.1,,,9,3.2,,160,,66,,19.7,17.3,997.6,,1007.3,,.1,,1.82,,,,9,9,Sc,8,960,,40,34.6,,24,23,21.8,21.8
108,서울,2023-06-07 16:00,24.8,,,9,2.6,,160,,63,,19.6,17.2,997.1,,1006.8,,.2,,1.55,,,,9,9,Sc,9,1590,,40,35.6,,24.4,23.4,22,21.8
108,서울,2023-06-07 17:00,25.5,,,9,2,,160,,63,,20.5,17.9,996.7,,1006.4,,.5,,1.44,,,,8,6,ScAc,9,1943,,,35.5,,24.8,23.7,22.2,21.8
108,서울,2023-06-07 18:00,25.1,,,9,2,,230,,66,,20.9,18.2,996.7,,1006.4,,.2,,.78,,,,8,8,Sc,15,2000,,,29.4,,24.9,24,22.4,21.9
108,서울,2023-06-07 19:00,24,,,9,2.4,,200,,71,,21.2,18.4,996.7,,1006.4,,0,,.29,,,,8,8,,19,2000,,,25.2,,24.8,24,22.6,22
108,서울,2023-06-07 20:00,23.2,,,9,2.1,,230,,70,,19.9,17.4,997,,1006.7,,0,,.05,,,,8,5,,20,2000,,,22.2,,24.4,23.9,22.6,22.1
108,서울,2023-06-07 21:00,22.5,,,9,2,,250,,73,,19.9,17.4,997.5,,1007.3,,,9,,9,,,8,1,ScCi,19,1994,,,20.8,,24,23.7,22.7,22.2
108,서울,2023-06-07 22:00,22,,,9,1.4,,250,,77,,20.2,17.7,997.9,,1007.7,,,9,,9,,,8,8,,21,1714,,,20.1,,23.6,23.4,22.7,22.2
108,서울,2023-06-07 23:00,21.5,,,9,1.4,,270,,77,,19.6,17.2,997.3,,1007.1,,,9,,9,,,8,1,,20,1312,,,19.4,,23.3,23.2,22.6,22.3
108,서울,2023-06-08 00:00,21,,,9,1.3,,230,,79,,19.6,17.2,996.9,,1006.8,,,9,,9,,,8,1,ScCi,19,1250,,,18.8,,23,22.9,22.5,22.3
108,서울,2023-06-08 01:00,20.1,,,,1.9,,270,,80,,18.8,16.5,996.5,,1006.4,,,9,,9,,,7,3,,26,1568,,,17.9,,22.7,22.7,22.4,22.2
108,서울,2023-06-08 02:00,19.1,,,,2.5,,270,,84,,18.5,16.3,996.5,,1006.4,,,9,,9,,,7,6,,30,1845,,,17.1,,22.4,22.4,22.3,22.2
108,서울,2023-06-08 03:00,18.6,,,,1.7,,230,,88,,18.8,16.5,996.5,,1006.4,,,9,,9,,,7,0,Ci,,1165,,,16.5,,22.1,22.2,22.1,22.1
108,서울,2023-06-08 04:00,18.4,,,,2.5,,270,,88,,18.5,16.3,997.2,,1007.1,,,9,,9,,,8,8,St,4,878,,19,17.6,,21.8,22,22,22.1
108,서울,2023-06-08 05:00,18.4,,,,1.9,,250,,87,,18.3,16.1,997.6,,1007.5,,,9,,9,,,7,7,St,5,2000,,19,17.5,,21.7,21.8,21.8,22
108,서울,2023-06-08 06:00,18.4,,,,2.4,,290,,86,,18.2,16,997.4,,1007.3,,0,,.01,,,,8,8,St,4,2000,,,18.8,,21.6,21.6,21.7,22
108,서울,2023-06-08 07:00,18.5,,,,1,,340,,86,,18.3,16.1,996.4,,1006.3,,0,,.12,,,,8,8,Sc,6,2000,,,20.1,,21.6,21.5,21.5,21.9
108,서울,2023-06-08 08:00,19.3,,,,2.7,,200,,82,,18.3,16.1,995.9,,1005.7,,0,,.39,,,,9,9,Sc,7,2000,,,23.9,,21.6,21.5,21.4,21.8
108,서울,2023-06-08 09:00,20.6,,,,1.8,,180,,75,,18.2,16,995.3,,1005.2,,.1,,.89,,,,8,8,Sc,6,2000,,,32,,21.9,21.6,21.3,21.7
108,서울,2023-06-08 10:00,21.2,,,,3.2,,160,,73,,18.3,16.1,994.7,,1004.5,,.1,,1.28,,,,9,7,ScAc,6,2000,,,30.2,,22.5,21.9,21.3,21.6
108,서울,2023-06-08 11:00,21.8,,,,3.3,,230,,71,,18.5,16.3,995.3,,1005.1,,.1,,1.36,,,,10,8,ScAs,7,2000,,,29.4,,22.9,22.2,21.3,21.5
108,서울,2023-06-08 12:00,21.5,,0,,3.9,,200,,73,,18.6,16.4,995.6,,1005.4,,0,,.51,,,,10,8,ScAs,7,2000,,01,26.8,,23,22.4,21.4,21.5
108,서울,2023-06-08 13:00,21.6,,0,,1.6,,180,,74,,19,16.7,993.6,,1003.4,,0,,.83,,,,10,7,ScAs,6,2000,,01,30.9,,23,22.5,21.5,21.5
108,서울,2023-06-08 14:00,21.8,,0,,2.3,,90,,76,,19.7,17.3,992.6,,1002.4,,0,,.55,,,,10,7,ScAs,10,2000,,01,25.5,,23.2,22.6,21.6,21.5
108,서울,2023-06-08 15:00,22,,.1,,1.6,,90,,75,,19.7,17.3,992.2,,1002,,0,,.61,,,,10,7,ScAs,10,2000,,01,26.4,,23.1,22.6,21.7,21.6
108,서울,2023-06-08 16:00,23.4,,,9,2,,200,,69,,19.7,17.3,992.7,,1002.4,,.2,,1.47,,,,8,4,ScAc,10,2000,,,34.9,,23.3,22.7,21.8,21.6
108,서울,2023-06-08 17:00,23.7,,,9,3.3,,200,,66,,19.2,16.9,992.3,,1002,,.2,,1.19,,,,8,6,ScAc,9,2000,,,31.1,,23.8,23,21.8,21.6
108,서울,2023-06-08 18:00,23.4,,,9,3.1,,250,,69,,19.7,17.3,992.1,,1001.8,,.1,,.59,,,,6,3,ScAc,8,2000,,,27.4,,23.9,23.2,21.9,21.7
108,서울,2023-06-08 19:00,21.8,,,9,2.4,,270,,77,,20,17.5,992.4,,1002.2,,.1,,.37,,,,6,4,,7,2000,,,22.6,,23.7,23.2,22,21.7
108,서울,2023-06-08 20:00,21,,,9,3.8,,270,,79,,19.6,17.2,993.1,,1002.9,,0,,.02,,,,7,7,,5,2000,,,21.5,,23.4,23,22.1,21.8
108,서울,2023-06-08 21:00,20.3,,.3,,2.7,,250,,84,,20,17.5,993.2,,1003.1,,,9,,9,,,8,5,StNs,7,2000,,01,19.1,,22.9,22.8,22.1,21.8
108,서울,2023-06-08 22:00,20,,0,,1.4,,180,,86,,20,17.5,992.2,,1002.1,,,9,,9,,,9,7,StNs,6,2000,,01,18.7,,22.6,22.6,22.1,21.8
108,서울,2023-06-08 23:00,19.9,,.1,,2.6,,180,,88,,20.4,17.8,992.2,,1002.1,,,9,,9,,,10,7,CbStNs,4,1053,,01,19.2,,22.4,22.3,21.9,21.7
108,서울,2023-06-09 00:00,18.6,,1.4,,1.7,,250,,94,,20.1,17.6,991.8,,1001.6,,,9,,9,,,10,8,StNs,3,916,,1901,19,,22.1,22.2,21.8,21.8
108,서울,2023-06-09 01:00,19.1,,.5,,3.7,,230,,97,,21.4,18.6,991.6,,1001.4,,,9,,9,,,10,8,StNs,2,711,,1901,19.2,,21.9,22,21.7,21.7
108,서울,2023-06-09 02:00,19.1,,.3,,3,,250,,99,,21.8,18.9,991.6,,1001.4,,,9,,9,,,10,8,StNs,2,325,,1901,19.2,,21.8,21.8,21.6,21.7
108,서울,2023-06-09 03:00,19,,.3,,2.3,,290,,96,,21,18.3,992,,1001.8,,,9,,9,,,10,6,StNs,3,487,,1901,19.3,,21.7,21.7,21.5,21.6
108,서울,2023-06-09 04:00,18.9,,.1,,2.3,,250,,95,,20.6,18,992.3,,1002.1,,,9,,9,,,10,10,St,3,708,,1901,18.8,,21.6,21.6,21.4,21.6
108,서울,2023-06-09 05:00,18.5,,,9,1.8,,250,,96,,20.4,17.8,992.4,,1002.3,,,9,,9,,,6,6,St,3,757,,19,17.2,,21.5,21.5,21.3,21.5
108,서울,2023-06-09 06:00,18.4,,,9,1.3,,270,,96,,20.2,17.7,993.1,,1003,,0,,.05,,,,7,7,St,3,842,,19,18.2,,21.2,21.3,21.2,21.5
108,서울,2023-06-09 07:00,18.7,,,9,1.5,,290,,94,,20.2,17.7,993.8,,1003.7,,.3,,.4,,,,3,3,St,2,1308,,19,20,,21.1,21.2,21.1,21.4
108,서울,2023-06-09 08:00,19.9,,,9,1.3,,230,,85,,19.6,17.2,993.8,,1003.7,,.9,,1.29,,,,5,5,Sc,8,2000,,,23.9,,21.3,21.1,21,21.3
108,서울,2023-06-09 09:00,21.4,,,9,1.1,,270,,77,,19.5,17.1,993.6,,1003.4,,.8,,1.76,,,,1,1,Sc,6,2000,,,30.5,,21.7,21.3,20.9,21.3
108,서울,2023-06-09 10:00,22.5,,,9,2.1,,320,,65,,17.6,15.5,993.6,,1003.3,,1,,2.71,,,,1,1,Sc,8,2000,,,35.5,,22.5,21.8,20.9,21.2
108,서울,2023-06-09 11:00,24.2,,,9,2.2,,250,,60,,18.1,15.9,993.9,,1003.5,,1,,3.19,,,,1,1,Sc,8,2000,,,41.6,,23.5,22.4,21,21.1
108,서울,2023-06-09 12:00,25.3,,,9,2.4,,290,,52,,16.7,14.7,993.8,,1003.5,,1,,3.54,,,,6,0,Ci,,2000,,,46.8,,24.7,23.3,21.3,21.1
108,서울,2023-06-09 13:00,25.9,,,9,2.5,,270,,56,,18.6,16.4,993.9,,1003.6,,.7,,2.68,,,,9,1,ScCi,10,2000,,,40.7,,25.7,24.1,21.6,21.2
108,서울,2023-06-09 14:00,26.2,,,9,2.7,,270,,61,,20.6,18,993.7,,1003.3,,.8,,2.71,,,,8,1,ScCi,10,1760,,,46.7,,26.1,24.7,22,21.3
108,서울,2023-06-09 15:00,27.2,,,9,2,,250,,49,,17.6,15.5,993,,1002.6,,1,,3.05,,,,1,1,Sc,10,2000,,,49.5,,26.8,25.2,22.4,21.5
108,서울,2023-06-09 16:00,27.8,,,9,2.2,,340,,35,,13,10.9,992.7,,1002.3,,1,,2.68,,,,2,0,Ci,,2000,,,46.4,,27.3,25.7,22.8,21.7
108,서울,2023-06-09 17:00,28.1,,,9,1,,20,,37,,14,12,992.4,,1001.9,,1,,2.04,,,,0,0,,,2000,,,41.8,,27.3,26,23.2,21.9
108,서울,2023-06-09 18:00,28,,,9,.7,,290,,36,,13.6,11.5,991.7,,1001.2,,1,,1.35,,,,1,1,Ac,37,2000,,,33.7,,27.1,26,23.5,22.1
108,서울,2023-06-09 19:00,27.1,,,9,1.6,,200,,36,,12.9,10.7,992.4,,1002,,1,,.6,,,,2,1,,,2000,,,26.5,,26.7,25.9,23.8,22.4
108,서울,2023-06-09 20:00,25.7,,,9,1.4,,230,,40,,13.1,11,992.9,,1002.6,,.3,,.1,,,,0,0,,,2000,,,22.4,,26.1,25.6,23.9,22.6
108,서울,2023-06-09 21:00,24.5,,,9,.8,,50,,49,,15,13,993.6,,1003.2,,,9,,9,,,6,6,Ac,36,2000,,,21.8,,25.3,25.2,23.9,22.7
108,서울,2023-06-09 22:00,23.5,,,9,1.2,,360,,51,,14.7,12.7,994,,1003.7,,,9,,9,,,6,6,,39,2000,,,20.3,,24.7,24.7,23.8,22.8
108,서울,2023-06-09 23:00,22.7,,,9,1.6,,20,,54,,14.9,12.9,993.8,,1003.5,,,9,,9,,,6,6,,36,2000,,,19.4,,24.2,24.3,23.7,22.9
108,서울,2023-06-10 00:00,22.2,,,9,1.4,,50,,57,,15.2,13.2,993.6,,1003.4,,,9,,9,,,5,5,Ac,37,2000,,,18.9,,23.8,23.9,23.5,22.9
108,서울,2023-06-10 01:00,21.7,,,,3.1,,250,,65,,16.8,14.8,994.2,,1004,,,9,,9,,,8,8,,37,2000,,,18.8,,23.4,23.6,23.3,22.9
108,서울,2023-06-10 02:00,21.2,,,,.7,,230,,71,,17.8,15.7,993.9,,1003.7,,,9,,9,,,7,7,,41,1693,,,18.3,,23.1,23.3,23.1,22.8
108,서울,2023-06-10 03:00,20.5,,,,2.3,,20,,75,,18.1,15.9,993.8,,1003.7,,,9,,9,,,0,0,,,1721,,,17.6,,22.8,23,22.9,22.8
108,서울,2023-06-10 04:00,21,,,,2.1,,180,,77,,19.1,16.8,993.9,,1003.7,,,9,,9,,,10,10,St,6,1361,,,19.5,,22.5,22.7,22.7,22.7
108,서울,2023-06-10 05:00,21.4,,,,1.5,,160,,79,,20,17.5,994.2,,1004,,,9,,9,,,7,1,ScCi,6,1082,,,18.9,,22.4,22.5,22.5,22.6
108,서울,2023-06-10 06:00,21.3,,,,1.1,,90,,80,,20.2,17.7,994.4,,1004.2,,0,,.03,,,,8,5,ScCi,8,1002,,,19.3,,22.3,22.4,22.3,22.5
108,서울,2023-06-10 07:00,21.5,,,,1.1,,20,,76,,19.4,17,994.4,,1004.2,,0,,.31,,,,6,1,ScAc,8,1538,,,22.5,,22.2,22.3,22.2,22.4
108,서울,2023-06-10 08:00,23.2,,,,1.1,,140,,72,,20.4,17.8,995,,1004.7,,.6,,.94,,,,5,5,Sc,8,1733,,,28.4,,22.5,22.3,22.1,22.3
108,서울,2023-06-10 09:00,24.7,,,,1.3,,90,,68,,21,18.3,994.6,,1004.2,,.8,,1.57,,,,3,3,Sc,10,1929,,,34.5,,23.1,22.6,22,22.2
108,서울,2023-06-10 10:00,25.6,,,,2.8,,200,,60,,19.6,17.2,994.7,,1004.4,,.8,,2.2,,,,7,7,Sc,11,2000,,,41.3,,23.8,23,22,22.1
108,서울,2023-06-10 11:00,26.4,,,,2.7,,200,,55,,18.9,16.6,994.4,,1004,,.8,,2.63,,,,7,4,ScCi,12,2000,,,45.7,,24.6,23.6,22.1,22
108,서울,2023-06-10 12:00,27.5,,,,2.6,,200,,53,,19.4,17,993.9,,1003.5,,.9,,2.89,,,,7,4,ScCi,13,2000,,,48.8,,25.6,24.3,22.4,22.1
108,서울,2023-06-10 13:00,28.2,,,,3.1,,180,,49,,18.6,16.4,993.8,,1003.4,,.5,,2.4,,,,9,6,ScCi,14,2000,,,45.3,,26.4,24.9,22.6,22.1
108,서울,2023-06-10 14:00,28,,,,3.1,,160,,50,,18.9,16.6,993.9,,1003.5,,0,,1.34,,,,10,6,ScAs,14,2000,,,37.6,,26.7,25.4,23,22.2
108,서울,2023-06-10 15:00,27.6,,,,3.5,,200,,50,,18.4,16.2,993.5,,1003.1,,.1,,1.21,,,,10,8,ScAs,15,2000,,,33.3,,26.8,25.6,23.3,22.3
108,서울,2023-06-10 16:00,24.6,,0,,3.6,,270,,67,,20.6,18,994.1,,1003.7,,0,,.33,,,,10,8,ScAs,14,2000,,01,26.8,,26.4,25.6,23.5,22.5
108,서울,2023-06-10 17:00,22.8,,0,,4.4,,290,,74,,20.5,17.9,994.2,,1003.9,,.3,,.98,,,,6,1,ScAcCi,15,2000,,01,32.4,,25.8,25.3,23.6,22.6
108,서울,2023-06-10 18:00,23.1,,,9,2.2,,270,,69,,19.4,17,994.4,,1004.1,,.8,,1.04,,,,7,2,AcCi,40,2000,,,28.7,,25.7,25.1,23.7,22.7
108,서울,2023-06-10 19:00,22,,,9,2.3,,320,,73,,19.2,16.9,994.6,,1004.4,,0,,.26,,,,8,5,,17,2000,,,23.6,,25.4,25,23.7,22.8
108,서울,2023-06-10 20:00,21.4,,,9,1.3,,360,,78,,19.7,17.3,994.9,,1004.7,,0,,.05,,,,9,1,,15,2000,,,22,,24.9,24.7,23.7,22.9
108,서울,2023-06-10 21:00,21.1,,,9,3.5,,70,,75,,18.6,16.4,995,,1004.8,,,9,,9,,,10,10,As,29,2000,,,21.1,,24.4,24.4,23.6,22.9
108,서울,2023-06-10 22:00,20.7,,,9,2.3,,20,,78,,19,16.7,995.5,,1005.4,,,9,,9,,,9,9,As,24,2000,,,20.5,,24.1,24.1,23.5,23
108,서울,2023-06-10 23:00,20.3,,.2,,2,,50,,84,,20,17.5,995.1,,1005,,,9,,9,,,10,8,CbStNs,4,962,,01,19.6,,23.7,23.8,23.3,23
108,서울,2023-06-11 00:00,19.6,,.6,,2.5,,290,,90,,20.5,17.9,995.9,,1005.7,,,9,,9,,,10,7,CbStNs,,1453,,01,19.3,,23.4,23.6,23.2,22.9
108,서울,2023-06-11 01:00,19.2,,3.1,,1.8,,50,,95,,21,18.3,995.9,,1005.8,,,9,,9,,,10,8,CbStNs,5,318,,1901,19.3,,23.1,23.3,23,22.9
108,서울,2023-06-11 02:00,18.6,,1.8,,2.6,,70,,94,,20.1,17.6,995,,1004.9,,,9,,9,,,10,7,ScAs,14,1061,,1901,18.8,,22.7,23,22.8,22.8
108,서울,2023-06-11 03:00,18.3,,9.3,,2.3,,70,,98,,20.5,17.9,995,,1004.9,,,9,,9,,,10,6,StNs,8,183,,1901,18,,22,22.6,22.6,22.7
108,서울,2023-06-11 04:00,18.2,,11.9,,2.4,,50,,100,,20.8,18.1,995.1,,1005,,,9,,9,,,10,8,CbStNs,4,52,,1901,17.5,,20.8,21.9,22.4,22.6
108,서울,2023-06-11 05:00,18,,4.5,,2.4,,50,,97,,20,17.5,994.9,,1004.8,,,9,,9,,,10,7,ScAs,13,1027,,1901,17.9,,20.9,21.3,21.9,22.5
108,서울,2023-06-11 06:00,18,,,9,2,,50,,95,,19.5,17.1,995.2,,1005.1,,0,,.01,,,,9,9,Sc,9,1832,,,18.4,,20.9,21.2,21.6,22.3
108,서울,2023-06-11 07:00,18,,1.6,,2.3,,50,,96,,19.7,17.3,995.6,,1005.5,,0,,.1,,,,9,9,Sc,11,1999,,01,18.8,,21,21.1,21.5,22.2
108,서울,2023-06-11 08:00,19,,,9,2,,50,,96,,21,18.3,995.8,,1005.7,,.2,,.51,,,,4,4,Sc,16,1972,,,23.1,,21,21.1,21.3,22
108,서울,2023-06-11 09:00,20.4,,,9,2,,50,,87,,20.8,18.1,996.1,,1006,,.6,,1.53,,,,8,8,Sc,15,2000,,,24.9,,21.3,21.2,21.2,21.9
108,서울,2023-06-11 10:00,22.3,,,9,1.7,,90,,78,,20.9,18.2,995.9,,1005.7,,.5,,1.85,,,,8,8,Sc,15,2000,,,31.6,,21.8,21.5,21.2,21.8
108,서울,2023-06-11 11:00,23.6,,,9,2.1,,90,,72,,20.9,18.2,995.6,,1005.3,,.6,,2.61,,,,9,9,Sc,15,2000,,,32.1,,22.7,22.1,21.2,21.7
108,서울,2023-06-11 12:00,24.8,,,9,1.4,,270,,66,,20.6,18,995.3,,1005,,.7,,2.99,,,,8,8,Sc,14,2000,,,34.6,,23.7,22.8,21.4,21.6
108,서울,2023-06-11 13:00,23.8,,0,,3.2,,290,,73,,21.4,18.6,994.8,,1004.5,,.3,,2.15,,,,6,6,CuSc,7,1854,,04,31.7,,24.6,23.5,21.7,21.6
108,서울,2023-06-11 14:00,25.6,,0,,2.7,,290,,64,,20.9,18.2,994.1,,1003.8,,.7,,2.84,,,,4,4,Sc,10,2000,,04,38,,24.9,23.9,22,21.7
108,서울,2023-06-11 15:00,25.9,,,9,2.4,,270,,59,,19.6,17.2,994,,1003.7,,.4,,1.97,,,,7,7,Sc,11,2000,,,31,,25.6,24.4,22.3,21.8
108,서울,2023-06-11 16:00,26.8,,,9,1.5,,270,,56,,19.6,17.2,993.7,,1003.3,,.4,,1.72,,,,6,6,Sc,13,2000,,,33.5,,25.8,24.7,22.6,21.9
108,서울,2023-06-11 17:00,26.8,,,9,2.1,,270,,57,,20,17.5,993.6,,1003.2,,.4,,1.2,,,,6,6,Cu,13,2000,,,31.8,,25.9,24.9,22.9,22.1
108,서울,2023-06-11 18:00,26.1,,,9,2.5,,270,,58,,19.5,17.1,993.5,,1003.1,,.3,,.91,,,,5,5,Cu,15,2000,,,27.3,,25.9,25.1,23.1,22.2
108,서울,2023-06-11 19:00,26.4,,,9,2.8,,290,,58,,19.9,17.4,994.1,,1003.7,,.8,,.53,,,,6,6,,12,2000,,,25.6,,25.7,25,23.3,22.4
108,서울,2023-06-11 20:00,24.4,,,9,2.4,,250,,68,,20.8,18.1,994.4,,1004,,.5,,.18,,,,3,2,,,2000,,,22.1,,25.4,24.9,23.4,22.5
108,서울,2023-06-11 21:00,22.9,,,9,2.3,,270,,68,,18.9,16.6,995,,1004.7,,,9,,9,,,0,0,,,2000,,,20.4,,24.9,24.6,23.4,22.7
108,서울,2023-06-11 22:00,21.6,,,9,1.5,,200,,74,,19,16.7,995.7,,1005.5,,,9,,9,,,4,1,,,2000,,,19.5,,24.4,24.3,23.4,22.7
108,서울,2023-06-11 23:00,21,,,9,1,,270,,75,,18.5,16.3,995.6,,1005.4,,,9,,9,,,2,1,,,2000,,,18.8,,23.9,23.9,23.3,22.8
108,서울,2023-06-12 00:00,20.5,,,9,.7,,20,,78,,18.8,16.5,995.7,,1005.6,,,9,,9,,,2,2,Sc,11,2000,,,18.7,,23.5,23.6,23.1,22.8
108,서울,2023-06-12 01:00,20.2,,,,.2,,0,,79,,18.6,16.4,995.7,,1005.6,,,9,,9,,,2,2,,10,2000,,,18.5,,23.1,23.2,23,22.8
108,서울,2023-06-12 02:00,19.7,,,,1.8,,270,,83,,19,16.7,995.7,,1005.5,,,9,,9,,,4,2,,9,1650,,,18.3,,22.8,23,22.8,22.7
108,서울,2023-06-12 03:00,19.5,,,,1.1,,290,,84,,19,16.7,995.7,,1005.5,,,9,,9,,,3,0,Ci,,1505,,,17.8,,22.5,22.7,22.6,22.7
108,서울,2023-06-12 04:00,19.1,,,,1,,270,,84,,18.5,16.3,995.7,,1005.6,,,9,,9,,,6,0,Ci,,1122,,,17.4,,22.3,22.5,22.4,22.6
108,서울,2023-06-12 05:00,18.7,,,,.8,,270,,85,,18.3,16.1,996.3,,1006.2,,,9,,9,,,1,0,Ci,,918,,19,16.9,,22,22.2,22.3,22.5
108,서울,2023-06-12 06:00,18.5,,,,1.2,,360,,90,,19.1,16.8,996.3,,1006.2,,0,,.04,,,,3,0,Ci,,735,,19,17.4,,21.8,22,22.1,22.4
108,서울,2023-06-12 07:00,19.3,,,,1.8,,20,,88,,19.6,17.2,996.4,,1006.3,,.9,,.5,,,,0,0,,,957,,19,20.4,,21.6,21.8,21.9,22.3
108,서울,2023-06-12 08:00,20.8,,,,.8,,140,,78,,19.1,16.8,996.6,,1006.5,,.9,,1.01,,,,2,2,Sc,13,1679,,19,27.3,,21.8,21.8,21.8,22.2
108,서울,2023-06-12 09:00,22.8,,,,1.4,,140,,68,,18.8,16.5,996.4,,1006.1,,.9,,1.91,,,,6,0,Ci,,2000,,,27.9,,22.3,22,21.7,22.1
108,서울,2023-06-12 10:00,24,,,,1.9,,180,,57,,16.9,14.9,996.2,,1005.9,,.9,,2.21,,,,6,0,Ci,,2000,,,32.6,,23,22.4,21.6,22
108,서울,2023-06-12 11:00,25.1,,,,2.5,,250,,55,,17.5,15.4,996.1,,1005.8,,.8,,2.56,,,,7,1,ScCi,10,2000,,,36.9,,23.8,23,21.7,21.9
108,서울,2023-06-12 12:00,26.1,,,,1.9,,290,,55,,18.5,16.3,995.6,,1005.3,,.6,,2.49,,,,8,1,ScCi,14,2000,,,37.7,,24.5,23.5,21.9,21.9
108,서울,2023-06-12 13:00,26.7,,,,1.6,,230,,54,,18.9,16.6,995.2,,1004.8,,.4,,2.18,,,,8,2,ScCi,14,2000,,,37,,25.1,24.1,22.2,21.9
108,서울,2023-06-12 14:00,27.4,,,,3.1,,230,,48,,17.5,15.4,994.7,,1004.3,,.8,,2.86,,,,8,3,ScAcCi,14,2000,,,40.4,,25.7,24.6,22.5,22
108,서울,2023-06-12 15:00,26,,,,4,,270,,55,,18.4,16.2,994.5,,1004.2,,.3,,1.9,,,,9,3,ScAcCi,13,2000,,,32,,26.3,25.1,22.7,22.1
108,서울,2023-06-12 16:00,24.4,,,,2.9,,270,,65,,19.7,17.3,994.3,,1003.9,,.1,,.94,,,,9,7,AcCi,34,2000,,,27.3,,26.2,25.3,23.1,22.3
108,서울,2023-06-12 17:00,23.6,,0,,2.9,,270,,64,,18.5,16.3,994.2,,1003.9,,.1,,.85,,,,9,9,As,30,2000,,01,24.9,,25.9,25.2,23.3,22.4
108,서울,2023-06-12 18:00,22.6,,0,,2.7,,270,,68,,18.5,16.3,994.1,,1003.8,,0,,.19,,,,9,9,As,32,2000,,01,22.7,,25.5,25,23.5,22.6
108,서울,2023-06-12 19:00,22.6,,0,,1.5,,360,,67,,18.3,16.1,993.7,,1003.4,,0,,.19,,,,8,8,As,30,2000,,01,22.5,,25,24.7,23.5,22.7
108,서울,2023-06-12 20:00,22.2,,,9,2.1,,290,,70,,18.6,16.4,994,,1003.8,,0,,.07,,,,7,7,,32,2000,,,20.4,,24.7,24.4,23.4,22.8
108,서울,2023-06-12 21:00,21.5,,,9,1.3,,290,,75,,19.1,16.8,994.5,,1004.3,,,9,,9,,,7,7,Ac,41,2000,,,19.6,,24.2,24.1,23.4,22.8
108,서울,2023-06-12 22:00,21.1,,,9,1.8,,270,,79,,19.7,17.3,994.9,,1004.7,,,9,,9,,,4,4,,35,1999,,,19.4,,23.8,23.8,23.3,22.9
108,서울,2023-06-12 23:00,20.8,,,9,1.3,,250,,72,,17.6,15.5,995,,1004.8,,,9,,9,,,9,9,,28,2000,,,19.5,,23.5,23.5,23.2,22.9
108,서울,2023-06-13 00:00,20.5,,,9,1.8,,270,,69,,16.6,14.6,994.9,,1004.8,,,9,,9,,,8,8,,,2000,,,19.2,,23.3,23.3,23,22.8
108,서울,2023-06-13 01:00,20.4,,,,.6,,50,,69,,16.5,14.5,994.4,,1004.3,,,9,,9,,,8,8,,25,2000,,,19.4,,23,23.1,22.8,22.8
108,서울,2023-06-13 02:00,20.4,,0,,1.3,,340,,75,,17.9,15.8,994.2,,1004.1,,,9,,9,,,9,9,As,24,2000,,01,19.2,,22.8,22.9,22.7,22.7
108,서울,2023-06-13 03:00,20.3,,,9,1,,340,,77,,18.3,16.1,994.2,,1004.1,,,9,,9,,,9,9,As,28,2000,,,19.1,,22.7,22.7,22.6,22.7
108,서울,2023-06-13 04:00,20.2,,0,,1.6,,270,,78,,18.4,16.2,994.3,,1004.2,,,9,,9,,,7,7,Ac,33,2000,,01,18.5,,22.5,22.6,22.4,22.6
108,서울,2023-06-13 05:00,19.8,,,9,2.1,,270,,81,,18.6,16.4,994.5,,1004.4,,,9,,9,,,7,7,Ac,30,1044,,,18,,22.3,22.4,22.3,22.5
108,서울,2023-06-13 06:00,19.2,,,9,2.2,,250,,86,,19,16.7,994.6,,1004.4,,0,,.04,,,,2,1,ScAc,10,969,,19,17.9,,22.1,22.2,22.2,22.5
108,서울,2023-06-13 07:00,19.6,,,9,1.3,,250,,80,,18.2,16,994.5,,1004.3,,.7,,.46,,,,1,1,Ac,30,1685,,19,20.6,,22,22.1,22.1,22.4
108,서울,2023-06-13 08:00,20.5,,,9,2.1,,250,,74,,17.7,15.6,994.7,,1004.6,,.8,,1.01,,,,1,1,Ac,33,2000,,,27,,22.1,22.1,21.9,22.3
108,서울,2023-06-13 09:00,22,,,9,1.8,,250,,69,,18.2,16,994.6,,1004.4,,1,,1.9,,,,0,0,,,2000,,,29.8,,22.5,22.2,21.8,22.2
108,서울,2023-06-13 10:00,23.6,,,9,1.8,,180,,62,,17.9,15.8,994.3,,1004,,1,,2.57,,,,1,1,Sc,12,2000,,,36.4,,23.1,22.6,21.8,22.1
108,서울,2023-06-13 11:00,24.1,,,9,3.2,,250,,59,,17.6,15.5,994.2,,1003.9,,.9,,2.94,,,,6,6,Sc,11,2000,,,38.7,,24.1,23.2,21.9,22.1
108,서울,2023-06-13 12:00,24.9,,,9,3.1,,270,,62,,19.5,17.1,994.3,,1004,,.6,,2.55,,,,7,7,Sc,13,2000,,,47.1,,24.7,23.8,22.1,22
108,서울,2023-06-13 13:00,25.6,,,9,3.3,,250,,58,,19,16.7,993.8,,1003.5,,.7,,3.07,,,,6,6,Sc,10,2000,,,51.1,,25.4,24.4,22.4,22
108,서울,2023-06-13 14:00,25.9,,,9,3.9,,270,,57,,19,16.7,993.4,,1003.1,,.9,,3.25,,,,6,6,Sc,11,2000,,,50.3,,26.3,25,22.7,22.1
108,서울,2023-06-13 15:00,25.7,,,9,4.5,,270,,56,,18.4,16.2,993.2,,1002.9,,.7,,2.66,,,,4,4,Sc,11,2000,,,44.8,,26.8,25.6,23.1,22.3
108,서울,2023-06-13 16:00,25.4,,,9,4.1,,270,,57,,18.4,16.2,993.1,,1002.8,,.7,,2.08,,,,3,3,Sc,13,2000,,,40.7,,27,25.9,23.4,22.4
108,서울,2023-06-13 17:00,24.1,,,9,3.5,,290,,62,,18.5,16.3,993.5,,1003.1,,.6,,1.47,,,,7,2,ScAc,10,2000,,,31.4,,27,26,23.7,22.6
108,서울,2023-06-13 18:00,23.4,,,9,3.5,,270,,60,,17.2,15.1,993.6,,1003.3,,.3,,.9,,,,7,2,ScAc,10,2000,,,27.6,,26.7,25.9,23.9,22.8
108,서울,2023-06-13 19:00,22.5,,,9,3.1,,270,,60,,16.3,14.3,994.1,,1003.8,,.6,,.41,,,,3,3,,30,2000,,,22.8,,26.2,25.7,24.1,23
108,서울,2023-06-13 20:00,21.7,,,9,1.8,,270,,70,,18.1,15.9,994.2,,1004,,.4,,.12,,,,4,1,,,2000,,,20.2,,25.6,25.3,24.1,23.1
108,서울,2023-06-13 21:00,21.1,,,9,2.2,,250,,72,,17.9,15.8,994.4,,1004.2,,,9,,9,,,0,0,,,2000,,,19.1,,25,24.9,24,23.2
108,서울,2023-06-13 22:00,20.4,,,9,1.1,,320,,78,,18.6,16.4,994.7,,1004.6,,,9,,9,,,0,0,,,2000,,,18.4,,24.5,24.5,23.9,23.3
108,서울,2023-06-13 23:00,19.9,,,9,.3,,0,,77,,17.8,15.7,994.2,,1004.1,,,9,,9,,,0,0,,,2000,,,17.6,,24,24.1,23.7,23.3
108,서울,2023-06-14 00:00,19.4,,,9,.5,,70,,78,,17.5,15.4,994.2,,1004,,,9,,9,,,2,0,,,2000,,,17,,23.6,23.8,23.6,23.3
108,서울,2023-06-14 01:00,19,,,,1.2,,340,,80,,17.5,15.4,994.2,,1004,,,9,,9,,,4,0,,,2000,,,16.9,,23.2,23.4,23.3,23.2
108,서울,2023-06-14 02:00,18.4,,,,.7,,290,,81,,17,15,994.3,,1004.2,,,9,,9,,,4,1,,,2000,,,16.4,,22.9,23.1,23.2,23.2
108,서울,2023-06-14 03:00,18,,,,1.6,,250,,83,,17,15,994.5,,1004.4,,,9,,9,,,0,0,,,2000,,,16.2,,22.5,22.8,22.9,23.1
108,서울,2023-06-14 04:00,17.7,,,,.8,,270,,87,,17.6,15.5,994.7,,1004.6,,,9,,9,,,3,3,Sc,7,1387,,,16,,22.3,22.5,22.7,23
108,서울,2023-06-14 05:00,17.6,,,,1.1,,270,,90,,18.1,15.9,994.9,,1004.8,,,9,,9,,,5,5,St,4,979,,19,16.1,,22,22.3,22.5,22.8
108,서울,2023-06-14 06:00,17.8,,,,1,,50,,92,,18.6,16.4,995.4,,1005.3,,0,,.03,,,,7,7,Sc,6,1058,,19,18.2,,21.8,22,22.3,22.7
108,서울,2023-06-14 07:00,18.4,,,,.5,,90,,88,,18.5,16.3,996,,1005.9,,0,,.2,,,,7,7,Sc,7,1530,,,20.4,,21.8,21.9,22.1,22.6
108,서울,2023-06-14 08:00,19.9,,,,1.3,,20,,83,,19.2,16.9,996.3,,1006.2,,.5,,.81,,,,3,3,Sc,10,1403,,,26,,21.9,21.9,21.9,22.5
108,서울,2023-06-14 09:00,20.9,,,,1.8,,50,,76,,18.8,16.5,996.4,,1006.3,,.4,,1.09,,,,6,6,Sc,7,1153,,,24.6,,22.3,22.1,21.9,22.3
108,서울,2023-06-14 10:00,22.8,,,,2,,160,,67,,18.5,16.3,996.2,,1005.9,,.5,,1.89,,,,5,5,Sc,8,1568,,,35,,22.7,22.3,21.8,22.2
108,서울,2023-06-14 11:00,23.3,,,,.4,,0,,63,,17.9,15.8,996.2,,1005.9,,.2,,1.5,,,,7,7,Sc,11,1574,,,30.3,,23.5,22.8,21.9,22.1
108,서울,2023-06-14 12:00,23.9,,,,1.9,,230,,60,,17.7,15.6,995.9,,1005.6,,.4,,1.85,,,,6,6,Cu,13,1791,,,29.7,,24.1,23.3,22,22.1
108,서울,2023-06-14 13:00,25,,,,1.2,,70,,56,,17.7,15.6,995.5,,1005.2,,.2,,1.56,,,,8,8,CuSc,7,1544,,,36.7,,24.4,23.6,22.2,22.2
108,서울,2023-06-14 14:00,23.6,,.4,,2.6,,360,,73,,21.2,18.4,995.1,,1004.8,,0,,.57,,,,8,8,CuSc,7,1214,,04,23.7,,24.7,23.9,22.4,22.2
108,서울,2023-06-14 15:00,20,,30.2,,2.1,,270,,90,,21,18.3,995.3,,1005.2,,0,,.24,,,,6,6,CuSc,7,444,,04,20.6,,22.6,22.9,22.6,22.2
108,서울,2023-06-14 16:00,20.6,,0,,.6,,360,,87,,21,18.3,995,,1004.9,,0,,.52,,,,8,6,ScAc,7,767,,04,23.1,,22.1,22.4,22.3,22.4
108,서울,2023-06-14 17:00,21.8,,,9,1.5,,270,,80,,20.8,18.1,994.7,,1004.5,,.1,,.91,,,,5,2,ScAc,10,1882,,,26.5,,22.2,22.3,22.1,22.4
108,서울,2023-06-14 18:00,23.6,,,9,1.1,,270,,72,,20.9,18.2,994.6,,1004.3,,1,,1.36,,,,5,3,ScAc,10,1872,,,25.5,,22.6,22.4,22,22.3
108,서울,2023-06-14 19:00,23.4,,,9,1.4,,290,,70,,20.1,17.6,994.7,,1004.4,,.9,,.53,,,,4,3,,30,2000,,,22.8,,23,22.7,22,22.2
108,서울,2023-06-14 20:00,21.8,,,9,2.4,,290,,78,,20.2,17.7,995.7,,1005.5,,0,,.06,,,,4,4,,32,2000,,,20.5,,23,22.8,22.1,22.2
108,서울,2023-06-14 21:00,21.1,,,9,.7,,230,,82,,20.4,17.8,996.1,,1005.9,,,9,,9,,,0,0,,,2000,,,19.6,,22.8,22.7,22.1,22.2
108,서울,2023-06-14 22:00,20.5,,,9,1,,70,,81,,19.5,17.1,996.8,,1006.7,,,9,,9,,,4,1,,,2000,,,18.8,,22.5,22.5,22.1,22.2
108,서울,2023-06-14 23:00,20.1,,,9,.5,,290,,84,,19.7,17.3,997,,1006.9,,,9,,9,,,6,1,,,2000,,,18.5,,22.2,22.3,22,22.2
108,서울,2023-06-15 00:00,19.8,,,9,1,,360,,87,,20,17.5,996.8,,1006.7,,,9,,9,,,3,3,Ac,33,2000,,,18.4,,22,22.1,21.9,22.2
108,서울,2023-06-15 01:00,19.7,,,,.9,,50,,88,,20.1,17.6,996.9,,1006.7,,,9,,9,,,7,7,,30,1725,,,18.5,,21.8,21.9,21.8,22.1
108,서울,2023-06-15 02:00,19.4,,,,.6,,290,,90,,20.2,17.7,997.1,,1007,,,9,,9,,,6,6,,38,1433,,,17.8,,21.6,21.8,21.7,22.1
108,서울,2023-06-15 03:00,19,,,,.7,,270,,90,,19.7,17.3,997.1,,1007,,,9,,9,,,0,0,,,1281,,,17.3,,21.4,21.6,21.6,22
108,서울,2023-06-15 04:00,18.5,,,,.9,,20,,92,,19.5,17.1,997.3,,1007.2,,,9,,9,,,0,0,,,1164,,,17,,21.2,21.4,21.5,21.9
108,서울,2023-06-15 05:00,17.9,,,,1.7,,20,,91,,18.6,16.4,997.7,,1007.6,,,9,,9,,,4,0,Ci,,1449,,,16.7,,21,21.2,21.3,21.9
108,서울,2023-06-15 06:00,17.8,,,,1.2,,50,,90,,18.3,16.1,997.7,,1007.7,,0,,.05,,,,7,0,Ci,,1722,,,17.4,,20.9,21.1,21.2,21.8
108,서울,2023-06-15 07:00,19,,,,1.9,,50,,88,,19.2,16.9,998,,1007.9,,.1,,.43,,,,8,0,Ci,,1869,,,20.2,,20.8,21,21.1,21.7
108,서울,2023-06-15 08:00,19.8,,,,2.5,,50,,82,,18.9,16.6,998.3,,1008.2,,.1,,.63,,,,7,3,AcCi,47,2000,,,21.8,,21,21,21,21.6
108,서울,2023-06-15 09:00,21.7,,,,1.7,,50,,73,,18.9,16.6,998.3,,1008.1,,.9,,1.76,,,,6,3,AcCi,43,2000,,,28.8,,21.3,21.1,20.9,21.5
108,서울,2023-06-15 10:00,22.9,,,,1.2,,270,,70,,19.5,17.1,998.4,,1008.2,,.5,,2.01,,,,8,4,ScAcCi,8,1889,,,27.6,,22.1,21.6,20.9,21.5
108,서울,2023-06-15 11:00,23.7,,,,2.1,,290,,70,,20.4,17.8,998.5,,1008.2,,.3,,1.62,,,,7,3,CuCi,8,1810,,,30.6,,22.7,22,21,21.4
108,서울,2023-06-15 12:00,25.3,,,,2.1,,270,,64,,20.5,17.9,998.3,,1008,,1,,3.43,,,,5,5,Cu,9,1964,,,37.8,,23.5,22.6,21.2,21.4
108,서울,2023-06-15 13:00,25.8,,,,2.5,,270,,63,,20.9,18.2,997.6,,1007.3,,.6,,2.78,,,,6,6,Cu,11,1913,,,36.4,,24.5,23.4,21.5,21.4
108,서울,2023-06-15 14:00,27,,,,2.2,,270,,56,,19.9,17.4,997.1,,1006.7,,.8,,3.36,,,,5,5,Cu,12,2000,,,39.5,,25.3,24.1,21.8,21.5
108,서울,2023-06-15 15:00,27.8,,,,2.9,,250,,52,,19.4,17,996.8,,1006.4,,.8,,2.77,,,,4,4,Cu,14,2000,,,39.7,,25.8,24.6,22.2,21.6
108,서울,2023-06-15 16:00,28.2,,,,2.5,,270,,52,,19.9,17.4,996.7,,1006.3,,.8,,2.56,,,,6,6,Cu,14,2000,,,38.4,,26.4,25.2,22.6,21.8
108,서울,2023-06-15 17:00,27.5,,,,3.5,,270,,57,,20.9,18.2,996.9,,1006.5,,.6,,1.56,,,,3,3,Sc,15,2000,,,34.8,,26.6,25.5,23,22
108,서울,2023-06-15 18:00,26.6,,,,3.9,,270,,58,,20.1,17.6,997.1,,1006.8,,1,,1.37,,,,1,1,Cu,10,2000,,,30.9,,26.5,25.6,23.3,22.2
108,서울,2023-06-15 19:00,25.5,,,,3.6,,270,,63,,20.5,17.9,998,,1007.7,,1,,.61,,,,2,1,,,2000,,,26.2,,26.3,25.5,23.5,22.4
108,서울,2023-06-15 20:00,23.5,,,,3.6,,250,,67,,19.4,17,998.5,,1008.2,,.3,,.11,,,,1,1,,,2000,,,23.2,,25.7,25.3,23.7,22.6
108,서울,2023-06-15 21:00,22.4,,,,3.1,,250,,67,,18.1,15.9,999.2,,1009,,,9,,9,,,0,0,,,2000,,,20.3,,25.1,24.9,23.7,22.7
108,서울,2023-06-15 22:00,21.4,,,,2.3,,270,,69,,17.5,15.4,999.7,,1009.6,,,9,,9,,,1,1,,,2000,,,19.2,,24.5,24.5,23.6,22.8
108,서울,2023-06-15 23:00,21,,,,1.8,,270,,72,,17.8,15.7,1000.1,,1010,,,9,,9,,,1,1,,,2000,,,18.8,,24,24.1,23.4,22.9
108,서울,2023-06-16 00:00,20.7,,,,1.5,,270,,72,,17.5,15.4,1000.4,,1010.3,,,9,,9,,,0,0,,,2000,,,18.4,,23.6,23.7,23.3,22.9
108,서울,2023-06-16 01:00,20.3,,,,1.5,,270,,77,,18.3,16.1,1000.6,,1010.5,,,9,,9,,,2,1,,,1624,,,18.2,,23.2,23.4,23.1,22.9
108,서울,2023-06-16 02:00,19.9,,,,1.8,,250,,81,,18.8,16.5,1000.7,,1010.7,,,9,,9,,,2,1,,,947,,19,18,,22.9,23.1,22.9,22.8
108,서울,2023-06-16 03:00,19.6,,,,1.2,,250,,84,,19.1,16.8,1001,,1010.9,,,9,,9,,,0,0,,,708,,19,17.8,,22.6,22.8,22.7,22.7
108,서울,2023-06-16 04:00,19.4,,,,1,,230,,88,,19.7,17.3,1001.4,,1011.3,,,9,,9,,,6,0,Ci,,652,,19,17.7,,22.4,22.6,22.5,22.7
108,서울,2023-06-16 05:00,19.2,,,,.4,,0,,87,,19.2,16.9,1001.7,,1011.6,,,9,,9,,,7,0,Ci,,744,,19,17.5,,22.1,22.3,22.3,22.6
108,서울,2023-06-16 06:00,19.1,,,,.9,,270,,88,,19.4,17,1002.4,,1012.3,,0,,.08,,,,7,0,Ci,,740,,19,18.3,,21.9,22.1,22.2,22.5
108,서울,2023-06-16 07:00,19.9,,,,1.1,,20,,87,,20.1,17.6,1002.7,,1012.7,,.1,,.45,,,,7,0,Ci,,850,,19,20.5,,21.8,22,22,22.4
108,서울,2023-06-16 08:00,21.1,,,,1.5,,250,,82,,20.4,17.8,1003.4,,1013.3,,.8,,.89,,,,1,0,Ci,,1049,,19,24.5,,22,22,21.9,22.3
108,서울,2023-06-16 09:00,23,,,,1.7,,250,,74,,20.8,18.1,1003.7,,1013.5,,1,,1.89,,,,0,0,,,1452,,,30,,22.5,22.2,21.8,22.2
108,서울,2023-06-16 10:00,24.2,,,,2.3,,290,,69,,20.8,18.1,1003.8,,1013.5,,1,,2.54,,,,0,0,,,1778,,,34.6,,23.2,22.6,21.8,22.1
108,서울,2023-06-16 11:00,25.5,,,,3.1,,250,,59,,19.1,16.8,1003.8,,1013.6,,1,,3.04,,,,0,0,,,2000,,,37.9,,24.1,23.3,21.9,22.1
108,서울,2023-06-16 12:00,26.8,,,,3,,270,,48,,16.8,14.8,1003.7,,1013.4,,1,,3.4,,,,0,0,,,2000,,,40.7,,25.1,24,22.2,22
108,서울,2023-06-16 13:00,27.3,,,,3,,270,,49,,17.7,15.6,1003.3,,1013,,1,,3.59,,,,0,0,,,2000,,,42.2,,26,24.8,22.5,22.1
108,서울,2023-06-16 14:00,28.2,,,,3,,250,,48,,18.3,16.1,1002.7,,1012.3,,1,,3.54,,,,0,0,,,2000,,,42.6,,26.8,25.5,22.9,22.2
108,서울,2023-06-16 15:00,28.6,,,,2.9,,250,,48,,18.8,16.5,1002.3,,1011.9,,1,,3.25,,,,0,0,,,2000,,,42.1,,27.6,26.2,23.3,22.3
108,서울,2023-06-16 16:00,28.5,,,,3.6,,250,,50,,19.4,17,1002.1,,1011.7,,1,,2.76,,,,0,0,,,2000,,,40.2,,28.1,26.7,23.8,22.5
108,서울,2023-06-16 17:00,28.4,,,,3,,270,,47,,18.1,15.9,1002,,1011.6,,1,,2.14,,,,0,0,,,2000,,,36.9,,28.2,27,24.2,22.8
108,서울,2023-06-16 18:00,27.7,,,,3.4,,250,,49,,18.2,16,1002,,1011.7,,1,,1.45,,,,0,0,,,2000,,,31.9,,28,27,24.5,23
108,서울,2023-06-16 19:00,26.7,,,,2.3,,250,,51,,17.8,15.7,1002,,1011.7,,1,,.7,,,,0,0,,,2000,,,26,,27.6,26.9,24.8,23.3
108,서울,2023-06-16 20:00,24.8,,,,4,,250,,49,,15.3,13.3,1002.7,,1012.5,,.6,,.17,,,,0,0,,,1976,,,22.7,,27,26.6,24.9,23.5
108,서울,2023-06-16 21:00,23.3,,,,3,,290,,56,,16,14,1003,,1012.8,,,9,,9,,,0,0,,,2000,,,21.1,,26.3,26.2,24.9,23.6
108,서울,2023-06-16 22:00,22.6,,,,1.6,,180,,60,,16.4,14.4,1003.6,,1013.4,,,9,,9,,,1,1,,,2000,,,20.1,,25.6,25.7,24.8,23.7
108,서울,2023-06-16 23:00,22,,,,1.3,,270,,64,,16.8,14.8,1003.7,,1013.6,,,9,,9,,,1,1,,,2000,,,19.4,,25,25.2,24.6,23.8
108,서울,2023-06-17 00:00,21.3,,,,1.5,,270,,68,,17.2,15.1,1003.6,,1013.5,,,9,,9,,,0,0,,,2000,,,18.9,,24.6,24.8,24.4,23.8
108,서울,2023-06-17 01:00,20.8,,,,2.1,,270,,68,,16.6,14.6,1003.8,,1013.7,,,9,,9,,,0,0,,,2000,,,18.4,,24.1,24.4,24.1,23.8
108,서울,2023-06-17 02:00,20.2,,,,1.8,,270,,70,,16.5,14.5,1004,,1014,,,9,,9,,,0,0,,,2000,,,17.9,,23.7,24,23.9,23.7
108,서울,2023-06-17 03:00,20,,,,1.8,,290,,72,,16.7,14.7,1004.1,,1014.1,,,9,,9,,,0,0,,,2000,,,17.6,,23.4,23.6,23.7,23.6
108,서울,2023-06-17 04:00,19.8,,,,1.9,,290,,73,,16.8,14.8,1004.4,,1014.4,,,9,,9,,,0,0,,,2000,,,17.3,,23,23.3,23.4,23.5
108,서울,2023-06-17 05:00,19.1,,,,1.1,,360,,76,,16.7,14.7,1004.2,,1014.1,,,9,,9,,,0,0,,,2000,,,16.9,,22.7,23,23.2,23.4
108,서울,2023-06-17 06:00,18.9,,,,1,,290,,75,,16.3,14.3,1004.3,,1014.3,,0,,.05,,,,0,0,,,2000,,,17.2,,22.4,22.8,23,23.3
108,서울,2023-06-17 07:00,20.3,,,,.7,,50,,72,,17,15,1004.2,,1014.2,,1,,.53,,,,0,0,,,2000,,,19.5,,22.2,22.5,22.7,23.1
108,서울,2023-06-17 08:00,22,,,,.4,,0,,64,,16.8,14.8,1004,,1013.9,,1,,1.26,,,,1,0,Ci,,2000,,,25.5,,22.4,22.4,22.6,23
108,서울,2023-06-17 09:00,24.2,,,,2,,180,,56,,16.8,14.8,1003.8,,1013.5,,1,,1.97,,,,0,0,,,2000,,,31,,22.9,22.7,22.4,22.9
108,서울,2023-06-17 10:00,25.5,,,,2,,290,,52,,16.9,14.9,1003.3,,1013.1,,1,,2.63,,,,1,0,Ci,,2000,,,36.8,,23.6,23.1,22.4,22.8
108,서울,2023-06-17 11:00,26.8,,,,2.9,,290,,46,,16.2,14.2,1003.4,,1013.1,,1,,3.09,,,,1,0,Ci,,2000,,,40.2,,24.5,23.8,22.5,22.6
108,서울,2023-06-17 12:00,28,,,,2.5,,230,,44,,16.6,14.6,1003.3,,1013,,1,,3.39,,,,2,0,Ci,,2000,,,43,,25.4,24.5,22.7,22.6
108,서울,2023-06-17 13:00,28.8,,,,2.4,,270,,41,,16.2,14.2,1002.6,,1012.2,,1,,3.35,,,,7,0,Ci,,2000,,,43.9,,26.5,25.3,23,22.6
108,서울,2023-06-17 14:00,29.5,,,,2.4,,270,,43,,17.6,15.5,1002,,1011.6,,1,,3.28,,,,6,0,Ci,,2000,,,44.4,,27.2,26,23.4,22.7
108,서울,2023-06-17 15:00,29.9,,,,2.9,,290,,42,,17.6,15.5,1001.5,,1011.1,,1,,3.01,,,,3,0,Ci,,2000,,,43.3,,27.8,26.5,23.8,22.9
108,서울,2023-06-17 16:00,29.6,,,,2.8,,250,,48,,19.9,17.4,1001.2,,1010.8,,1,,2.27,,,,8,0,Ci,,2000,,,38.9,,28.1,27,24.2,23
108,서울,2023-06-17 17:00,28.6,,,,3.1,,270,,45,,17.5,15.4,1001,,1010.6,,.7,,1.44,,,,10,0,Cs,,2000,,,34.3,,28.2,27.2,24.6,23.3
108,서울,2023-06-17 18:00,27,,,,3.5,,290,,43,,15.3,13.3,1001,,1010.7,,.1,,.77,,,,10,0,Cs,,2000,,,30.1,,27.9,27.2,24.9,23.5
108,서울,2023-06-17 19:00,25.2,,,,2.5,,270,,45,,14.4,12.4,1001,,1010.8,,0,,.31,,,,9,1,,,2000,,,26.3,,27.4,27,25.1,23.7
108,서울,2023-06-17 20:00,23.9,,,,2.8,,270,,50,,14.8,12.8,1000.8,,1010.5,,0,,.05,,,,10,1,,,2000,,,23.8,,26.8,26.6,25.2,23.9
108,서울,2023-06-17 21:00,23.5,,,,2.7,,230,,60,,17.3,15.2,1001,,1010.8,,,9,,9,,,10,0,Cs,,2000,,,22.8,,26.2,26.2,25.1,24
108,서울,2023-06-17 22:00,23.1,,,,1.6,,230,,63,,17.7,15.6,1001.5,,1011.3,,,9,,9,,,10,8,,69,2000,,,22.2,,25.8,25.8,25,24.1
108,서울,2023-06-17 23:00,22.7,,,,1.8,,230,,63,,17.3,15.2,1001.3,,1011.1,,,9,,9,,,10,9,,68,2000,,,21.6,,25.4,25.4,24.8,24.1
108,서울,2023-06-18 00:00,22.3,,,,2,,270,,65,,17.4,15.3,1000.9,,1010.7,,,9,,9,,,10,0,,,2000,,,21.1,,25,25.1,24.6,24.1
108,서울,2023-06-18 01:00,21.9,,,,2.4,,250,,66,,17.3,15.2,1000.5,,1010.3,,,9,,9,,,9,9,,68,2000,,,20.6,,24.7,24.8,24.4,24.1
108,서울,2023-06-18 02:00,21.7,,,,2.2,,290,,68,,17.6,15.5,1000.2,,1010,,,9,,9,,,10,10,,64,2000,,,20.3,,24.4,24.5,24.2,24
108,서울,2023-06-18 03:00,21.3,,,,2.2,,270,,74,,18.6,16.4,999.8,,1009.7,,,9,,9,,,10,0,Cs,,2000,,,20.1,,24.1,24.3,24.1,23.9
108,서울,2023-06-18 04:00,21.2,,,,1.6,,270,,77,,19.2,16.9,999.5,,1009.4,,,9,,9,,,10,0,Cs,,2000,,,20,,23.9,24,23.9,23.8
108,서울,2023-06-18 05:00,21,,,,1.9,,290,,79,,19.6,17.2,999.3,,1009.2,,,9,,9,,,9,0,Ci,,2000,,,19.7,,23.7,23.8,23.7,23.8
108,서울,2023-06-18 06:00,20.8,,,,.2,,0,,77,,18.9,16.6,999.1,,1009,,0,,.04,,,,7,0,Ci,,2000,,,19.9,,23.5,23.6,23.5,23.7
108,서울,2023-06-18 07:00,21.3,,,,.8,,360,,75,,18.9,16.6,999,,1008.9,,.3,,.37,,,,4,0,Ci,,2000,,,21.5,,23.3,23.5,23.4,23.6
108,서울,2023-06-18 08:00,22.8,,,,.6,,320,,72,,19.9,17.4,999,,1008.8,,.7,,.92,,,,7,0,Ci,,2000,,,26.4,,23.4,23.4,23.2,23.5
108,서울,2023-06-18 09:00,24.9,,,,.6,,180,,62,,19.5,17.1,998.4,,1008.1,,1,,1.9,,,,7,0,Ci,,2000,,,31.3,,23.9,23.6,23.1,23.3
108,서울,2023-06-18 10:00,25.9,,,,2.3,,290,,56,,18.6,16.4,998.1,,1007.8,,1,,2.26,,,,7,0,Ci,,2000,,,36.2,,24.5,24,23.1,23.3
108,서울,2023-06-18 11:00,27.4,,,,2.5,,270,,52,,18.9,16.6,997.6,,1007.2,,1,,2.94,,,,6,0,Ci,,2000,,,42.8,,25.2,24.5,23.2,23.2
108,서울,2023-06-18 12:00,28.9,,,,2.3,,180,,46,,18.3,16.1,997.2,,1006.8,,1,,3.43,,,,3,0,Ci,,2000,,,47.6,,26.1,25.2,23.4,23.1
108,서울,2023-06-18 13:00,29.7,,,,2.7,,200,,46,,19.1,16.8,996.7,,1006.2,,1,,3.48,,,,3,0,Ci,,2000,,,49.3,,27.2,26,23.7,23.2
108,서울,2023-06-18 14:00,31,,,,2,,320,,47,,21,18.3,995.9,,1005.4,,1,,3.45,,,,0,0,,,2000,,,51.9,,28.1,26.8,24.1,23.3
108,서울,2023-06-18 15:00,31.7,,,,3.3,,180,,45,,21,18.3,995.3,,1004.8,,1,,3.18,,,,0,0,,,2000,,,51,,28.9,27.5,24.5,23.4
108,서울,2023-06-18 16:00,32.2,,,,2.6,,270,,44,,21,18.3,994.9,,1004.4,,1,,2.69,,,,0,0,,,2000,,,48.3,,29.4,28,25,23.6
108,서울,2023-06-18 17:00,31.4,,,,3.3,,270,,49,,22.4,19.3,994.9,,1004.4,,1,,2.05,,,,0,0,,,2000,,,43,,29.6,28.3,25.4,23.8
108,서울,2023-06-18 18:00,30,,,,3.7,,250,,54,,22.8,19.6,995.1,,1004.6,,1,,1.35,,,,0,0,,,2000,,,36.1,,29.4,28.4,25.7,24.1
108,서울,2023-06-18 19:00,28.7,,,,2.6,,250,,56,,22,19,995.3,,1004.8,,1,,.6,,,,0,0,,,2000,,,29.4,,29,28.3,25.9,24.3
108,서울,2023-06-18 20:00,26.8,,,,2.6,,270,,59,,20.8,18.1,995.4,,1005,,.3,,.13,,,,0,0,,,2000,,,25.4,,28.5,28,26.1,24.5
108,서울,2023-06-18 21:00,25.7,,,,2.8,,250,,61,,20.1,17.6,995.9,,1005.6,,,9,,9,,,0,0,,,2000,,,23.8,,27.8,27.6,26.1,24.7
108,서울,2023-06-18 22:00,25,,,,2.6,,250,,62,,19.6,17.2,996.5,,1006.2,,,9,,9,,,0,0,,,2000,,,23,,27.3,27.2,26,24.8
108,서울,2023-06-18 23:00,24.6,,,,2.1,,270,,65,,20,17.5,996.6,,1006.3,,,9,,9,,,1,0,,,2000,,,22.5,,26.8,26.8,25.8,24.9
108,서울,2023-06-19 00:00,24.2,,,,2,,270,,65,,19.5,17.1,996.6,,1006.3,,,9,,9,,,0,0,,,2000,,,21.8,,26.4,26.4,25.6,24.9
108,서울,2023-06-19 01:00,23.8,,,,2,,270,,67,,19.6,17.2,996.4,,1006.1,,,9,,9,,,0,0,,,2000,,,21.4,,26,26.1,25.4,24.9
108,서울,2023-06-19 02:00,23.9,,,,1,,70,,67,,19.7,17.3,996.3,,1006,,,9,,9,,,0,0,,,2000,,,21.2,,25.6,25.8,25.2,24.8
108,서울,2023-06-19 03:00,23.5,,,,2.4,,50,,76,,22,19,996.2,,1005.9,,,9,,9,,,0,0,,,2000,,,21,,25.3,25.5,25,24.7
108,서울,2023-06-19 04:00,23.3,,,,2,,50,,79,,22.5,19.4,995.9,,1005.6,,,9,,9,,,0,0,,,2000,,,20.7,,25.1,25.2,24.8,24.6
108,서울,2023-06-19 05:00,23.6,,,,2.6,,50,,75,,21.8,18.9,996.1,,1005.8,,,9,,9,,,0,0,,,2000,,,20.8,,24.8,25,24.6,24.5
108,서울,2023-06-19 06:00,23.5,,,,1.4,,50,,75,,21.7,18.8,996.5,,1006.2,,0,,.05,,,,0,0,,,2000,,,21.5,,24.7,24.8,24.5,24.4
108,서울,2023-06-19 07:00,24.6,,,,2.2,,50,,70,,21.6,18.7,996.6,,1006.3,,.9,,.44,,,,0,0,,,2000,,,25.8,,24.6,24.6,24.3,24.3
108,서울,2023-06-19 08:00,26.5,,,,2.4,,50,,62,,21.4,18.6,997,,1006.7,,1,,1.13,,,,0,0,,,2000,,,32.9,,24.7,24.6,24.2,24.2
108,서울,2023-06-19 09:00,28.3,,,,2.2,,50,,55,,21,18.3,997.2,,1006.8,,1,,1.82,,,,0,0,,,2000,,,33.5,,25,24.8,24.1,24.1
108,서울,2023-06-19 10:00,29.8,,,,1.5,,110,,52,,21.7,18.8,997,,1006.6,,1,,2.49,,,,3,0,Ci,,2000,,,41.9,,25.6,25.2,24.1,24
108,서울,2023-06-19 11:00,31,,,,1.8,,90,,51,,22.8,19.6,996.6,,1006.1,,1,,2.83,,,,4,0,Ci,,2000,,,46.5,,26.5,25.7,24.2,24
108,서울,2023-06-19 12:00,31.9,,,,1.7,,110,,48,,22.7,19.5,996.1,,1005.6,,1,,3.04,,,,6,0,Ci,,2000,,,51.7,,27.3,26.4,24.4,24
108,서울,2023-06-19 13:00,32.9,,,,1.9,,70,,46,,22.9,19.7,995.5,,1004.9,,1,,3.23,,,,6,0,Ci,,2000,,,53.7,,28.3,27.2,24.7,24
108,서울,2023-06-19 14:00,33.7,,,,1.8,,140,,45,,23.5,20.1,994.9,,1004.3,,1,,3.2,,,,6,0,Ci,,2000,,,53.1,,29.3,27.9,25.1,24.1
108,서울,2023-06-19 15:00,34,,,,2.1,,110,,44,,23.4,20,994.1,,1003.5,,1,,2.59,,,,5,0,Ci,,2000,,,50.8,,29.9,28.5,25.5,24.2
108,서울,2023-06-19 16:00,33.4,,,,2.6,,160,,44,,22.5,19.4,993.8,,1003.2,,.4,,1.55,,,,8,0,Ci,,2000,,,43,,29.9,28.8,25.9,24.4
108,서울,2023-06-19 17:00,33.5,,,,2.3,,140,,45,,23.2,19.9,993.9,,1003.3,,.6,,1.41,,,,6,0,Ci,,2000,,,41.3,,29.9,29,26.3,24.7
108,서울,2023-06-19 18:00,33.3,,,,2.7,,180,,45,,22.9,19.7,994.1,,1003.5,,.9,,1.05,,,,6,0,Ci,,2000,,,37.7,,29.8,29.1,26.5,24.9
108,서울,2023-06-19 19:00,31.1,,,,2.8,,270,,58,,26.1,21.8,994.8,,1004.3,,.2,,.39,,,,7,1,,22,2000,,,30.6,,29.6,29,26.7,25.1
108,서울,2023-06-19 20:00,29.9,,,,3.2,,250,,60,,25.2,21.2,994.9,,1004.4,,0,,.07,,,,7,1,,,2000,,,28.1,,29.1,28.7,26.8,25.3
108,서울,2023-06-19 21:00,27.8,,,,2.1,,270,,58,,21.6,18.7,995.3,,1004.9,,,9,,9,,,4,0,Ci,,2000,,,25.7,,28.6,28.4,26.8,25.4
108,서울,2023-06-19 22:00,27.1,,,,2.3,,250,,59,,21,18.3,996,,1005.6,,,9,,9,,,6,2,,,2000,,,25,,28,28,26.7,25.5
108,서울,2023-06-19 23:00,26.6,,,,2.5,,250,,60,,20.8,18.1,996,,1005.6,,,9,,9,,,7,1,,19,2000,,,24.5,,27.6,27.6,26.5,25.5
108,서울,2023-06-20 00:00,26,,,,1,,270,,61,,20.4,17.8,996.1,,1005.8,,,9,,9,,,5,0,Ci,,2000,,,23.4,,27.2,27.3,26.4,25.5
108,서울,2023-06-20 01:00,25.3,,,,1.8,,270,,64,,20.5,17.9,995.8,,1005.5,,,9,,9,,,7,7,,65,2000,,,22.8,,26.8,26.9,26.2,25.5
108,서울,2023-06-20 02:00,25,,,,.8,,290,,67,,21.2,18.4,995.1,,1004.8,,,9,,9,,,6,6,,61,1994,,,22.3,,26.5,26.6,26,25.5
108,서울,2023-06-20 03:00,24.5,,,,.6,,20,,68,,20.8,18.1,994.8,,1004.4,,,9,,9,,,4,0,Ci,,1929,,,21.5,,26.1,26.3,25.8,25.4
108,서울,2023-06-20 04:00,24.4,,,,1.1,,90,,67,,20.4,17.8,994.8,,1004.4,,,9,,9,,,7,0,Ci,,1986,,,22,,25.8,26,25.6,25.3
108,서울,2023-06-20 05:00,24.4,,,,2.1,,110,,61,,18.5,16.3,995.1,,1004.7,,,9,,9,,,9,0,Ci,,2000,,,22.4,,25.6,25.8,25.4,25.2
108,서울,2023-06-20 06:00,24.5,,,,2.5,,140,,60,,18.4,16.2,995.2,,1004.8,,0,,.05,,,,10,0,Cs,,2000,,,23.5,,25.4,25.6,25.2,25.1
108,서울,2023-06-20 07:00,24.7,,,,1.3,,70,,62,,19.2,16.9,995.1,,1004.7,,0,,.2,,,,10,0,Cs,,2000,,,25.3,,25.3,25.4,25.1,25
108,서울,2023-06-20 08:00,25.2,,,,1.8,,70,,62,,19.7,17.3,995.1,,1004.8,,0,,.36,,,,10,0,Cs,,1926,,,25.7,,25.3,25.4,24.9,24.9
108,서울,2023-06-20 09:00,25.8,,,,2,,90,,64,,21.2,18.4,995.2,,1004.9,,0,,.62,,,,10,4,AcCs,49,2000,,,27.5,,25.5,25.4,24.8,24.8
108,서울,2023-06-20 10:00,26,,,,1.6,,90,,64,,21.4,18.6,995.4,,1005.1,,0,,.52,,,,10,6,AcCs,43,2000,,,29.4,,25.6,25.5,24.7,24.7
108,서울,2023-06-20 11:00,26.3,,,,2,,110,,58,,19.7,17.3,995.5,,1005.2,,0,,.69,,,,10,7,AcCs,45,2000,,,31.4,,25.8,25.6,24.7,24.7
108,서울,2023-06-20 12:00,25.9,,,,2.6,,140,,55,,18.3,16.1,995.7,,1005.4,,0,,.51,,,,9,9,Ac,34,2000,,,27.2,,26,25.7,24.7,24.6
108,서울,2023-06-20 13:00,24.8,,0,,3.2,,70,,59,,18.4,16.2,994.7,,1004.4,,0,,.28,,,,10,5,ScAs,9,1832,,01,24,,25.8,25.7,24.8,24.6
108,서울,2023-06-20 14:00,25,,0,,2.5,,140,,58,,18.3,16.1,994.5,,1004.2,,0,,.55,,,,10,2,ScAs,10,2000,,01,24.2,,25.6,25.5,24.7,24.5
108,서울,2023-06-20 15:00,25.1,,0,,3.8,,140,,57,,18.1,15.9,992.8,,1002.5,,0,,.46,,,,10,5,ScAs,10,2000,,01,23.5,,25.6,25.4,24.7,24.5
108,서울,2023-06-20 16:00,24.6,,0,,2.4,,70,,61,,18.8,16.5,992.6,,1002.2,,0,,.34,,,,10,2,ScAs,10,2000,,01,24.1,,25.4,25.3,24.6,24.5
108,서울,2023-06-20 17:00,24.9,,0,,2,,50,,59,,18.5,16.3,992.8,,1002.5,,0,,.49,,,,9,8,AcCi,44,2000,,01,26.6,,25.2,25.2,24.6,24.5
108,서울,2023-06-20 18:00,25.2,,,9,2.3,,50,,60,,19.1,16.8,992.7,,1002.4,,0,,.52,,,,9,4,AcCi,47,2000,,,26,,25.2,25.2,24.5,24.4
108,서울,2023-06-20 19:00,25.1,,,9,2.6,,70,,59,,18.8,16.5,993,,1002.7,,0,,.19,,,,10,10,,42,2000,,,22,,25.2,25.1,24.4,24.4
108,서울,2023-06-20 20:00,24.8,,,9,2.1,,50,,64,,20,17.5,992.8,,1002.5,,0,,.11,,,,7,4,,15,2000,,,21.7,,25.1,25,24.4,24.3
108,서울,2023-06-20 21:00,24.8,,,9,1.9,,70,,63,,19.6,17.2,992.7,,1002.4,,,9,,9,,,8,5,ScAc,15,2000,,,22.1,,24.9,24.9,24.3,24.3
108,서울,2023-06-20 22:00,24.4,,0,,1.4,,70,,68,,20.8,18.1,993,,1002.6,,,9,,9,,,10,6,ScAs,15,1796,,01,21.5,,24.7,24.8,24.3,24.3
108,서울,2023-06-20 23:00,23,,.9,,1.2,,230,,81,,22.7,19.5,993.4,,1003.1,,,9,,9,,,10,8,StNs,9,461,,01,21.1,,24.6,24.6,24.1,24.2
108,서울,2023-06-21 00:00,21.4,,5.5,,.7,,70,,89,,22.7,19.5,993.5,,1003.3,,,9,,9,,,10,8,StNs,8,160,,01,20.5,,24.3,24.4,24,24.1
108,서울,2023-06-21 01:00,20.6,,5.5,,1.8,,70,,95,,22.9,19.7,992.8,,1002.6,,,9,,9,,,10,8,StNs,3,186,,1901,20.4,,23.8,24.1,23.9,24
108,서울,2023-06-21 02:00,20.2,,3.5,,2.9,,70,,96,,22.7,19.5,991.7,,1001.5,,,9,,9,,,10,8,StNs,3,326,,1901,20.1,,23.4,23.7,23.7,24
108,서울,2023-06-21 03:00,19.8,,1,,2.8,,50,,96,,22.1,19.1,991.2,,1001.1,,,9,,9,,,10,8,StNs,4,332,,1901,20,,23.2,23.5,23.5,23.9
108,서울,2023-06-21 04:00,19.3,,8.3,,2.4,,50,,98,,21.8,18.9,991.1,,1000.9,,,9,,9,,,10,8,StNs,5,201,,1901,19.3,,22.9,23.2,23.3,23.8
108,서울,2023-06-21 05:00,19.3,,1.3,,2.8,,50,,97,,21.7,18.8,991.2,,1001,,,9,,9,,,10,8,StNs,3,287,,1901,19.4,,22.5,22.9,23.1,23.7
108,서울,2023-06-21 06:00,19.4,,1,,2.1,,70,,98,,22,19,991.4,,1001.2,,0,,.01,,,,10,9,StNs,2,289,,1901,19.7,,22.4,22.7,22.9,23.5
108,서울,2023-06-21 07:00,19.4,,2.8,,2.9,,50,,98,,22,19,991.3,,1001.1,,0,,.06,,,,10,8,StNs,2,511,,1901,19.8,,22.4,22.6,22.7,23.4
108,서울,2023-06-21 08:00,19.6,,.5,,2.8,,50,,99,,22.5,19.4,991.2,,1001,,0,,.11,,,,10,7,StNs,2,342,,1901,20.6,,22.3,22.5,22.6,23.3
108,서울,2023-06-21 09:00,19.8,,.1,,2.7,,50,,97,,22.4,19.3,991.3,,1001.2,,0,,.22,,,,10,8,StNs,2,1075,,1901,21.1,,22.4,22.5,22.5,23.2
108,서울,2023-06-21 10:00,20,,.4,,2.2,,50,,98,,22.8,19.6,991,,1000.9,,0,,.27,,,,10,8,StNs,2,265,,1901,21.8,,22.4,22.5,22.4,23.1
108,서울,2023-06-21 11:00,20.4,,.1,,2.3,,50,,97,,23.2,19.9,990.9,,1000.7,,0,,.42,,,,10,8,StNs,2,617,,1901,22.7,,22.5,22.5,22.3,23
108,서울,2023-06-21 12:00,20.6,,0,,1.9,,50,,94,,22.7,19.5,990.9,,1000.7,,0,,.36,,,,10,8,StNs,3,1475,,1901,22.8,,22.7,22.6,22.3,22.9
108,서울,2023-06-21 13:00,21.4,,.1,,1.6,,20,,92,,23.4,20,990.5,,1000.3,,0,,.81,,,,10,8,StNs,5,1967,,1901,26,,22.9,22.7,22.3,22.8
108,서울,2023-06-21 14:00,21.4,,0,,.5,,50,,93,,23.7,20.2,990.5,,1000.3,,0,,.46,,,,10,10,St,3,568,,1902,24.9,,23.1,22.9,22.3,22.8
108,서울,2023-06-21 15:00,21.8,,.3,,1.8,,290,,93,,24.3,20.6,990.4,,1000.1,,0,,.65,,,,10,9,StNs,3,1891,,190201,25.8,,23.3,23.1,22.4,22.8
108,서울,2023-06-21 16:00,21.8,,,9,2.8,,320,,89,,23.1,19.8,990.4,,1000.1,,0,,.63,,,,10,8,StNs,4,2000,,,24.2,,23.6,23.3,22.4,22.7
108,서울,2023-06-21 17:00,21.8,,,9,2.5,,320,,88,,22.9,19.7,990.2,,999.9,,0,,.31,,,,10,9,ScAs,5,2000,,,24,,23.5,23.3,22.5,22.7
108,서울,2023-06-21 18:00,21.8,,,9,2.4,,320,,89,,23.1,19.8,990.4,,1000.1,,0,,.3,,,,10,8,ScAs,5,2000,,,23.2,,23.5,23.3,22.6,22.7
108,서울,2023-06-21 19:00,21.5,,0,,2.8,,320,,87,,22.2,19.2,990.9,,1000.7,,0,,.15,,,,10,8,ScAs,6,1524,,01,22.2,,23.5,23.3,22.6,22.8
108,서울,2023-06-21 20:00,21.3,,,9,3.4,,320,,87,,22,19,991.4,,1001.2,,0,,.03,,,,8,8,,7,2000,,,21.1,,23.3,23.3,22.6,22.8
108,서울,2023-06-21 21:00,21,,,9,1.8,,270,,86,,21.3,18.5,991.7,,1001.5,,,9,,9,,,8,8,Sc,11,2000,,,20.7,,23.2,23.1,22.6,22.8
108,서울,2023-06-21 22:00,20.7,,,9,2.3,,290,,84,,20.4,17.8,992.2,,1002,,,9,,9,,,6,6,,15,2000,,,20.3,,23,23,22.6,22.8
108,서울,2023-06-21 23:00,20.2,,,9,1.1,,270,,87,,20.5,17.9,992.2,,1002.1,,,9,,9,,,6,6,,18,2000,,,19.6,,22.9,22.9,22.5,22.8
108,서울,2023-06-22 00:00,19.9,,,9,2.8,,290,,88,,20.4,17.8,992.3,,1002.2,,,9,,9,,,7,7,Sc,15,2000,,,19.4,,22.7,22.7,22.4,22.8
108,서울,2023-06-22 01:00,19.5,,,,.3,,0,,89,,20.1,17.6,992.5,,1002.3,,,9,,9,,,6,6,,10,2000,,,19.3,,22.5,22.6,22.4,22.7
108,서울,2023-06-22 02:00,19.4,,,,1.4,,250,,86,,19.2,16.9,992.6,,1002.4,,,9,,9,,,8,4,,10,2000,,,19.2,,22.4,22.4,22.3,22.7
108,서울,2023-06-22 03:00,19.3,,,,1.4,,340,,88,,19.6,17.2,992.8,,1002.6,,,9,,9,,,8,8,Sc,8,2000,,,19.4,,22.3,22.3,22.2,22.6
108,서울,2023-06-22 04:00,19.2,,,,.5,,250,,87,,19.2,16.9,993.1,,1002.9,,,9,,9,,,8,8,Sc,10,2000,,,19.2,,22.2,22.2,22.1,22.6
108,서울,2023-06-22 05:00,19,,,,1.3,,270,,87,,19,16.7,993.2,,1003,,,9,,9,,,8,8,Sc,15,2000,,,18.7,,22.1,22.2,22,22.5
108,서울,2023-06-22 06:00,19,,,,1.3,,270,,87,,19,16.7,993.7,,1003.5,,0,,.03,,,,8,8,Sc,7,2000,,,19.3,,22,22.1,21.9,22.5
108,서울,2023-06-22 07:00,19.6,,,,1.5,,270,,84,,19.1,16.8,993.8,,1003.6,,.3,,.38,,,,6,6,Sc,10,2000,,,20.8,,21.9,22,21.8,22.4
108,서울,2023-06-22 08:00,20.7,,,,1.9,,320,,78,,19,16.7,993.7,,1003.5,,.9,,1.18,,,,3,3,Sc,10,2000,,,25.1,,22,22,21.8,22.3
108,서울,2023-06-22 09:00,22,,,,2.4,,270,,74,,19.5,17.1,994.1,,1003.9,,1,,1.95,,,,2,2,Sc,15,2000,,,29.5,,22.3,22.1,21.7,22.3
108,서울,2023-06-22 10:00,23.4,,,,2.6,,290,,67,,19.2,16.9,993.6,,1003.3,,1,,2.6,,,,5,5,Sc,8,2000,,,33.6,,23,22.5,21.8,22.2
108,서울,2023-06-22 11:00,24.3,,,,2.7,,290,,65,,19.6,17.2,993.5,,1003.1,,.7,,2.74,,,,6,6,Sc,8,2000,,,33.3,,23.8,23.1,21.9,22.2
108,서울,2023-06-22 12:00,24.8,,,,3.6,,290,,65,,20.2,17.7,993.2,,1002.9,,.6,,2.55,,,,7,7,Sc,8,2000,,,32.8,,24.5,23.7,22.1,22.2
108,서울,2023-06-22 13:00,25.3,,,,3.7,,270,,64,,20.5,17.9,992.9,,1002.6,,.4,,2.12,,,,8,8,Sc,9,2000,,,32.1,,25,24.2,22.4,22.2
108,서울,2023-06-22 14:00,26,,,,3.6,,270,,66,,22.1,19.1,992.6,,1002.2,,.4,,2.21,,,,8,8,Sc,10,2000,,,35.3,,25.4,24.6,22.6,22.3
108,서울,2023-06-22 15:00,26.2,,,,4.8,,250,,65,,22,19,992.4,,1002,,.5,,2.05,,,,6,6,Sc,9,2000,,,33.9,,25.8,24.9,22.9,22.4
108,서울,2023-06-22 16:00,25.6,,,,3.8,,250,,66,,21.6,18.7,992.3,,1002,,.4,,1.72,,,,8,8,Sc,10,2000,,,29.6,,26.1,25.2,23.2,22.6
108,서울,2023-06-22 17:00,25.2,,,,4,,250,,67,,21.4,18.6,992.4,,1002.1,,.1,,.95,,,,8,8,Sc,9,2000,,,27.5,,26.1,25.4,23.4,22.7
108,서울,2023-06-22 18:00,24.4,,0,,3.6,,250,,72,,22,19,992.4,,1002,,.1,,.48,,,,8,8,CuSc,5,2000,,04,24.8,,25.9,25.3,23.6,22.9
108,서울,2023-06-22 19:00,24.1,,0,,2.5,,250,,74,,22.1,19.1,993.2,,1002.8,,.2,,.35,,,,6,6,Sc,6,2000,,04,23.7,,25.5,25.1,23.7,23
108,서울,2023-06-22 20:00,23.2,,,9,2.3,,180,,78,,22.1,19.1,993.7,,1003.4,,.3,,.17,,,,4,1,,13,2000,,,22,,25.2,24.9,23.7,23.1
108,서울,2023-06-22 21:00,22.8,,,9,1.7,,180,,81,,22.4,19.3,994.4,,1004.1,,,9,,9,,,7,7,Sc,9,1562,,,21.9,,24.9,24.7,23.7,23.2
108,서울,2023-06-22 22:00,22.3,,,9,1.5,,200,,82,,22,19,995,,1004.8,,,9,,9,,,6,2,,24,1101,,,21,,24.5,24.5,23.6,23.3
108,서울,2023-06-22 23:00,22.2,,,9,.9,,250,,84,,22.4,19.3,995.6,,1005.4,,,9,,9,,,6,6,,25,974,,19,20.8,,24.2,24.2,23.5,23.3
108,서울,2023-06-23 00:00,21.8,,,9,.9,,230,,85,,22.1,19.1,995.8,,1005.6,,,9,,9,,,4,4,,,747,,19,20.3,,24,24,23.4,23.3
108,서울,2023-06-23 01:00,21.2,,,,1.5,,20,,88,,22.1,19.1,996,,1005.8,,,9,,9,,,5,1,,,606,,19,19.7,,23.7,23.8,23.3,23.3
108,서울,2023-06-23 02:00,20.5,,,,2.1,,50,,87,,20.9,18.2,996.1,,1006,,,9,,9,,,2,1,,,2000,,19,19.2,,23.4,23.5,23.2,23.2
108,서울,2023-06-23 03:00,20.1,,,,1.7,,50,,90,,21.2,18.4,996.3,,1006.2,,,9,,9,,,4,4,St,3,2000,,,18.9,,23.2,23.3,23.1,23.2
108,서울,2023-06-23 04:00,20.2,,,,1.5,,50,,92,,21.7,18.8,996.6,,1006.5,,,9,,9,,,7,7,St,3,1605,,,19.9,,22.9,23.1,22.9,23.1
108,서울,2023-06-23 05:00,20.6,,,,1.1,,90,,92,,22.2,19.2,997.2,,1007.1,,,9,,9,,,8,8,St,3,1123,,,20.3,,22.8,22.9,22.8,23.1
108,서울,2023-06-23 06:00,20.8,,,,1,,70,,91,,22.2,19.2,997.7,,1007.6,,0,,.01,,,,9,9,St,3,666,,19,20.8,,22.8,22.9,22.7,23
108,서울,2023-06-23 07:00,21,,,,2.3,,110,,88,,21.8,18.9,998,,1007.9,,0,,.08,,,,10,10,St,4,719,,19,21.1,,22.8,22.8,22.6,22.9
108,서울,2023-06-23 08:00,21.3,,,,1.8,,90,,86,,21.7,18.8,998.5,,1008.4,,0,,.18,,,,10,10,St,4,898,,19,22,,22.8,22.8,22.5,22.9
108,서울,2023-06-23 09:00,21.7,,,,1,,70,,85,,22,19,999,,1008.8,,0,,.37,,,,10,10,St,4,1078,,19,23.2,,22.9,22.8,22.4,22.8
108,서울,2023-06-23 10:00,22.7,,,,1.1,,110,,81,,22.2,19.2,999.4,,1009.2,,0,,.72,,,,10,10,St,5,1774,,,25.6,,23.1,22.9,22.4,22.7
108,서울,2023-06-23 11:00,24.1,,,,1.3,,140,,77,,23.1,19.8,999.8,,1009.5,,0,,1.38,,,,8,8,Sc,6,1998,,,30,,23.5,23.2,22.4,22.7
108,서울,2023-06-23 12:00,25.5,,,,1.1,,70,,71,,23.1,19.8,999.7,,1009.4,,.2,,1.95,,,,8,8,Sc,8,1931,,,32.3,,24.2,23.6,22.5,22.6
108,서울,2023-06-23 13:00,26.5,,,,1.6,,90,,67,,23.1,19.8,999.5,,1009.2,,.5,,2.41,,,,4,4,Sc,10,1692,,,38.7,,24.9,24.2,22.6,22.6
108,서울,2023-06-23 14:00,28.1,,,,2.2,,270,,63,,23.8,20.3,999,,1008.6,,.7,,3.12,,,,6,6,Sc,12,2000,,,40.2,,25.9,24.9,22.8,22.6
108,서울,2023-06-23 15:00,29.1,,,,1.4,,110,,58,,23.2,19.9,998.5,,1008.1,,.9,,3.15,,,,5,5,Sc,10,1914,,,39.6,,26.9,25.7,23.2,22.7
108,서울,2023-06-23 16:00,29,,,,1.7,,340,,55,,22,19,998.6,,1008.2,,.5,,1.77,,,,4,4,Sc,10,2000,,,35.6,,27.4,26.3,23.6,22.8
108,서울,2023-06-23 17:00,29.4,,,,2,,320,,50,,20.4,17.8,998.7,,1008.2,,.8,,2.01,,,,6,6,Sc,10,2000,,,32.1,,27.6,26.6,24,23
108,서울,2023-06-23 18:00,28.7,,,,2.8,,270,,64,,25.2,21.2,998.8,,1008.4,,.6,,.91,,,,4,4,Sc,10,1115,,,29,,27.5,26.7,24.3,23.2
108,서울,2023-06-23 19:00,27.7,,,,2.4,,270,,68,,25.2,21.2,999.5,,1009.1,,1,,.56,,,,1,1,,,1042,,,26.1,,27.3,26.6,24.5,23.4
108,서울,2023-06-23 20:00,26.5,,,,.6,,320,,72,,24.9,21,1000.1,,1009.8,,.1,,.12,,,,0,0,,,1010,,,24.2,,26.8,26.4,24.6,23.6
108,서울,2023-06-23 21:00,25.8,,,,.9,,270,,75,,24.9,21,1000.7,,1010.4,,,9,,9,,,0,0,,,1010,,,23,,26.3,26.1,24.7,23.7
108,서울,2023-06-23 22:00,25,,,,.9,,360,,74,,23.4,20,1001.1,,1010.9,,,9,,9,,,0,0,,,1695,,,22.2,,25.8,25.8,24.6,23.8
108,서울,2023-06-23 23:00,24.3,,,,.4,,0,,77,,23.4,20,1001.7,,1011.4,,,9,,9,,,0,0,,,1612,,,21.6,,25.4,25.4,24.5,23.9
108,서울,2023-06-24 00:00,23.8,,,,1,,360,,79,,23.2,19.9,1001.9,,1011.6,,,9,,9,,,0,0,,,1838,,,21.2,,25,25.1,24.4,23.9
108,서울,2023-06-24 01:00,23.2,,,,1.6,,360,,81,,22.9,19.7,1002.2,,1012,,,9,,9,,,0,0,,,1957,,,20.9,,24.7,24.8,24.2,23.9
108,서울,2023-06-24 02:00,22.6,,,,1.4,,50,,82,,22.4,19.3,1002.1,,1011.9,,,9,,9,,,0,0,,,1842,,,20.5,,24.4,24.5,24.1,23.9
108,서울,2023-06-24 03:00,22.4,,,,1.9,,50,,84,,22.7,19.5,1002.4,,1012.2,,,9,,9,,,0,0,,,1796,,,20.3,,24.2,24.3,23.9,23.8
108,서울,2023-06-24 04:00,22.3,,,,2.5,,50,,81,,21.7,18.8,1002.4,,1012.2,,,9,,9,,,0,0,,,2000,,,20,,23.9,24.1,23.8,23.8
108,서울,2023-06-24 05:00,22,,,,2.4,,70,,79,,20.8,18.1,1003,,1012.9,,,9,,9,,,0,0,,,2000,,,19.6,,23.7,23.9,23.6,23.7
108,서울,2023-06-24 06:00,21.9,,,,1.5,,70,,80,,20.9,18.2,1003.5,,1013.4,,0,,.05,,,,0,0,,,2000,,,20.1,,23.5,23.7,23.5,23.6
108,서울,2023-06-24 07:00,22.8,,,,1.8,,50,,77,,21.3,18.5,1004,,1013.8,,.9,,.46,,,,0,0,,,2000,,,21.8,,23.4,23.5,23.3,23.6
108,서울,2023-06-24 08:00,24.4,,,,1.7,,90,,75,,22.8,19.6,1004.3,,1014,,1,,1.01,,,,0,0,,,2000,,,26.2,,23.6,23.5,23.2,23.5
108,서울,2023-06-24 09:00,25.8,,,,2.4,,110,,70,,23.2,19.9,1004.3,,1014.1,,1,,1.73,,,,1,0,Ci,,2000,,,30.7,,24,23.7,23.1,23.4
108,서울,2023-06-24 10:00,27,,,,2.3,,160,,70,,24.9,21,1004.3,,1014,,.9,,2.34,,,,2,2,Sc,8,1992,,,35.3,,24.6,24.1,23.1,23.3
108,서울,2023-06-24 11:00,28.1,,,,2,,110,,66,,25,21.1,1004.3,,1014,,.8,,2.59,,,,4,4,Sc,8,2000,,,37.7,,25.5,24.7,23.2,23.2
108,서울,2023-06-24 12:00,29.1,,,,2,,230,,62,,24.9,21,1004.1,,1013.7,,.7,,2.81,,,,4,4,Sc,9,1952,,,40.6,,26.3,25.4,23.4,23.2
108,서울,2023-06-24 13:00,29.7,,,,1.6,,50,,60,,24.9,21,1003.5,,1013.1,,.4,,2.12,,,,6,6,Sc,11,2000,,,37.9,,27.1,26.1,23.8,23.3
108,서울,2023-06-24 14:00,30,,,,1,,230,,57,,24.1,20.5,1003.2,,1012.8,,.1,,1.46,,,,7,7,Sc,13,1959,,,35.1,,27.6,26.6,24.1,23.4
108,서울,2023-06-24 15:00,30.3,,,,2.3,,270,,59,,25.3,21.3,1002.9,,1012.5,,.4,,1.79,,,,6,6,Sc,13,1770,,,34.6,,27.9,26.9,24.4,23.5
108,서울,2023-06-24 16:00,30.9,,,,2.5,,270,,57,,25.3,21.3,1002.6,,1012.2,,1,,2.44,,,,7,7,Sc,14,1418,,,36.6,,28.2,27.2,24.7,23.7
108,서울,2023-06-24 17:00,30.6,,,,2.6,,290,,58,,25.3,21.3,1002.2,,1011.8,,.6,,1.45,,,,1,1,Sc,15,1373,,,32.9,,28.4,27.5,25,23.8
108,서울,2023-06-24 18:00,30,,,,2.9,,270,,60,,25.3,21.3,1002.2,,1011.8,,1,,1.05,,,,1,1,Sc,15,1959,,,29.4,,28.3,27.5,25.2,24
108,서울,2023-06-24 19:00,28.9,,,,2.9,,270,,66,,26.3,21.9,1002.9,,1012.5,,.9,,.51,,,,1,1,,12,2000,,,27.1,,28.1,27.5,25.4,24.2
108,서울,2023-06-24 20:00,27.8,,,,2.8,,290,,70,,26.1,21.8,1003.3,,1013,,0,,.12,,,,1,1,,,2000,,,25.1,,27.7,27.3,25.5,24.3
108,서울,2023-06-24 21:00,26.8,,,,2.6,,290,,71,,24.9,21,1003.8,,1013.5,,,9,,9,,,0,0,,,2000,,,23.9,,27.2,27,25.5,24.4
108,서울,2023-06-24 22:00,26.3,,,,1.4,,250,,72,,24.6,20.8,1004.1,,1013.8,,,9,,9,,,2,1,,,2000,,,23.3,,26.8,26.6,25.4,24.5
108,서울,2023-06-24 23:00,25.7,,,,1.9,,270,,73,,24,20.4,1004.2,,1014,,,9,,9,,,2,1,,,2000,,,22.9,,26.4,26.3,25.3,24.6
108,서울,2023-06-25 00:00,25,,,,1.6,,270,,78,,24.6,20.8,1004,,1013.8,,,9,,9,,,0,0,,,1988,,,22.4,,26,26,25.2,24.6
108,서울,2023-06-25 01:00,24.4,,,,2,,250,,80,,24.4,20.7,1004,,1013.7,,,9,,9,,,1,1,,,1931,,,22,,25.7,25.7,25,24.6
108,서울,2023-06-25 02:00,23.9,,,,2.8,,250,,84,,24.9,21,1003.9,,1013.7,,,9,,9,,,1,1,,,1639,,,21.7,,25.4,25.5,24.9,24.6
108,서울,2023-06-25 03:00,23.5,,,,2.4,,250,,84,,24.3,20.6,1003.6,,1013.4,,,9,,9,,,6,6,Sc,16,1348,,,21.8,,25.2,25.2,24.7,24.5
108,서울,2023-06-25 04:00,23.3,,,,1.2,,270,,82,,23.4,20,1003.4,,1013.2,,,9,,9,,,4,4,Sc,17,1921,,,21.6,,25,25,24.6,24.4
108,서울,2023-06-25 05:00,23.1,,,,.9,,360,,83,,23.4,20,1003.5,,1013.3,,,9,,9,,,5,5,Sc,15,2000,,,21.6,,24.8,24.8,24.4,24.4
108,서울,2023-06-25 06:00,22.8,,,,.9,,360,,83,,22.9,19.7,1003.6,,1013.4,,0,,.04,,,,1,1,Sc,15,1724,,,21.5,,24.6,24.7,24.3,24.3
108,서울,2023-06-25 07:00,23.7,,,,1.1,,50,,83,,24.3,20.6,1003.7,,1013.5,,.6,,.42,,,,0,0,,,1739,,,23.6,,24.5,24.5,24.1,24.2
108,서울,2023-06-25 08:00,25.4,,,,1,,70,,79,,25.5,21.4,1003.9,,1013.7,,1,,1.01,,,,0,0,,,1513,,,28,,24.6,24.5,24,24.1
108,서울,2023-06-25 09:00,27.1,,,,1.9,,70,,74,,26.4,22,1003.5,,1013.2,,1,,1.75,,,,0,0,,,1471,,,32.7,,25,24.7,23.9,24.1
108,서울,2023-06-25 10:00,28.8,,,,2.4,,70,,69,,27.2,22.5,1002.9,,1012.5,,1,,2.4,,,,1,1,Sc,18,1592,,,37,,25.6,25.1,24,24
108,서울,2023-06-25 11:00,30.1,,,,2.1,,50,,66,,28.1,23,1002.4,,1012,,1,,2.93,,,,2,2,Sc,9,2000,,,41,,26.4,25.7,24.1,23.9
108,서울,2023-06-25 12:00,31.2,,,,2,,70,,57,,25.8,21.6,1001.9,,1011.5,,1,,3.29,,,,5,2,ScCi,12,2000,,,44.1,,27.3,26.4,24.3,23.9
108,서울,2023-06-25 13:00,31.8,,,,2.2,,90,,53,,24.9,21,1001.1,,1010.6,,.9,,2.9,,,,8,5,ScCi,14,2000,,,41.5,,28.2,27.1,24.6,24
108,서울,2023-06-25 14:00,32.2,,,,2.6,,140,,52,,24.9,21,1000.3,,1009.8,,.7,,2.29,,,,8,5,ScCi,14,2000,,,42.7,,28.9,27.7,25,24.1
108,서울,2023-06-25 15:00,32.5,,,,2.2,,140,,51,,24.9,21,1000,,1009.5,,.8,,2.47,,,,8,2,ScCi,16,2000,,,42.3,,29.4,28.2,25.4,24.3
108,서울,2023-06-25 16:00,32.5,,,,1.8,,180,,48,,23.4,20,999.5,,1009,,.6,,2.04,,,,8,4,ScCi,15,2000,,,38.7,,29.7,28.6,25.8,24.4
108,서울,2023-06-25 17:00,31.7,,,,1.8,,140,,50,,23.2,19.9,999.4,,1008.9,,.1,,1.02,,,,8,1,ScCi,17,1600,,,34.6,,29.7,28.8,26.1,24.6
108,서울,2023-06-25 18:00,31.2,,,,2.3,,140,,52,,23.5,20.1,998.8,,1008.3,,0,,.64,,,,9,0,Ci,,2000,,,32.2,,29.5,28.8,26.4,24.9
108,서울,2023-06-25 19:00,30.6,,,,2.3,,160,,55,,24.1,20.5,998.9,,1008.5,,0,,.36,,,,9,2,,17,2000,,,29.7,,29.2,28.6,26.5,25.1
108,서울,2023-06-25 20:00,30,,,,2.3,,160,,54,,22.8,19.6,999.1,,1008.7,,0,,.06,,,,10,4,,15,2000,,,27.5,,28.8,28.4,26.6,25.2
108,서울,2023-06-25 21:00,29.4,,,,2.7,,140,,56,,22.9,19.7,999.2,,1008.8,,,9,,9,,,9,9,Sc,16,2000,,,26.5,,28.4,28.1,26.6,25.4
108,서울,2023-06-25 22:00,28.8,,,,2.7,,140,,56,,22.1,19.1,999.8,,1009.4,,,9,,9,,,8,8,,16,2000,,,26,,28,27.8,26.5,25.4
108,서울,2023-06-25 23:00,28.2,,,,3.1,,110,,59,,22.5,19.4,999.5,,1009.1,,,9,,9,,,9,2,,20,2000,,,24.9,,27.6,27.5,26.4,25.5
108,서울,2023-06-26 00:00,27.5,,,,2.6,,110,,62,,22.7,19.5,998.9,,1008.5,,,9,,9,,,8,4,ScCi,15,2000,,,24.2,,27.3,27.2,26.2,25.5
108,서울,2023-06-26 01:00,26.9,,,,2.8,,110,,60,,21.2,18.4,997.9,,1007.5,,,9,,9,,,10,9,,53,2000,,,23.8,,26.9,27,26.1,25.5
108,서울,2023-06-26 02:00,26.5,,,,2.5,,90,,62,,21.4,18.6,997.1,,1006.8,,,9,,9,,,10,10,,45,2000,,,23.6,,26.7,26.7,25.9,25.4
108,서울,2023-06-26 03:00,26.1,,,,3.1,,110,,63,,21.2,18.4,996.8,,1006.5,,,9,,9,,,10,6,ScAs,12,2000,,,23.3,,26.4,26.5,25.8,25.4
108,서울,2023-06-26 04:00,25.5,,0,,4.3,,110,,68,,22.1,19.1,996.4,,1006.1,,,9,,9,,,10,5,ScAs,13,2000,,01,22.6,,26.2,26.2,25.6,25.3
108,서울,2023-06-26 05:00,23.6,,1.2,,2.2,,70,,85,,24.7,20.9,995.8,,1005.5,,,9,,9,,,10,7,StNs,7,813,,01,22.3,,25.9,26,25.5,25.2
108,서울,2023-06-26 06:00,22.4,,8.7,,2.4,,90,,95,,25.6,21.5,996.5,,1006.3,,0,,0,,,,10,9,StNs,3,88,,01,21.6,,25.6,25.7,25.3,25.2
108,서울,2023-06-26 07:00,22.3,,4.4,,2.2,,70,,93,,25,21.1,996.7,,1006.5,,0,,.03,,,,10,7,StNs,3,1504,,01,22.2,,24.9,25.2,25.1,25.1
108,서울,2023-06-26 08:00,22.5,,0,,2.3,,70,,93,,25.3,21.3,996.6,,1006.4,,0,,.07,,,,10,8,StNs,4,2000,,01,22.7,,24.8,25,24.8,25
108,서울,2023-06-26 09:00,23.1,,.6,,1.9,,90,,94,,26.4,22,996.6,,1006.3,,0,,.26,,,,10,8,StNs,6,1929,,01,24.2,,24.8,24.9,24.6,24.9
108,서울,2023-06-26 10:00,23.4,,.2,,2.6,,140,,91,,26.1,21.8,996.3,,1006,,0,,.16,,,,10,8,StNs,5,1993,,01,23.9,,24.8,24.9,24.5,24.8
108,서울,2023-06-26 11:00,24.2,,0,,4,,180,,88,,26.4,22,996.4,,1006.1,,0,,.32,,,,10,8,ScAs,7,2000,,01,25.1,,24.9,24.9,24.4,24.6
108,서울,2023-06-26 12:00,24.5,,,9,3.3,,180,,87,,26.6,22.1,996.6,,1006.3,,0,,.36,,,,10,8,ScAs,7,1994,,,24.7,,25,24.9,24.3,24.6
108,서울,2023-06-26 13:00,24.6,,,9,3.8,,200,,85,,26.3,21.9,996.4,,1006.1,,0,,.19,,,,10,8,ScAs,7,2000,,,24.2,,25.1,25,24.3,24.5
108,서울,2023-06-26 14:00,24.5,,.2,,2.5,,200,,91,,27.9,22.9,995.7,,1005.3,,0,,.36,,,,10,8,ScAs,6,1093,,01,24.8,,25.1,25,24.3,24.4
108,서울,2023-06-26 15:00,24.1,,4.6,,1.9,,180,,96,,28.8,23.4,995.7,,1005.4,,0,,.28,,,,10,8,StNs,4,503,,1901,24.9,,25.2,25,24.3,24.4
108,서울,2023-06-26 16:00,24.9,,.2,,3,,200,,91,,28.6,23.3,995,,1004.7,,0,,.59,,,,10,8,ScAs,6,1754,,1901,27.5,,25.2,25,24.3,24.3
108,서울,2023-06-26 17:00,25.3,,,9,3.1,,180,,88,,28.3,23.1,994.7,,1004.4,,0,,.35,,,,10,7,ScAs,6,1917,,,25.6,,25.4,25.1,24.2,24.3
108,서울,2023-06-26 18:00,25.3,,,9,3.8,,200,,85,,27.2,22.5,994.9,,1004.6,,0,,.33,,,,10,7,ScAs,6,2000,,,24.7,,25.5,25.2,24.3,24.3
108,서울,2023-06-26 19:00,24.8,,.2,,4,,180,,89,,27.7,22.8,994.7,,1004.4,,0,,.08,,,,10,8,ScAs,5,1313,,01,24,,25.5,25.2,24.3,24.3
108,서울,2023-06-26 20:00,24.2,,4,,3.6,,200,,95,,28.6,23.3,994.5,,1004.2,,0,,.01,,,,10,8,ScAs,8,1817,,01,23.6,,25.3,25.2,24.3,24.3
108,서울,2023-06-26 21:00,24.2,,0,,4.1,,200,,94,,28.3,23.1,994.8,,1004.5,,,9,,9,,,10,7,ScAs,10,2000,,01,23.6,,25.2,25,24.3,24.3
108,서울,2023-06-26 22:00,24,,1.6,,3.4,,200,,98,,29.1,23.6,994.8,,1004.5,,,9,,9,,,10,8,StNs,3,499,,01,23.4,,25,24.9,24.2,24.2
108,서울,2023-06-26 23:00,23.7,,4.4,,3.3,,200,,96,,28.1,23,994.8,,1004.5,,,9,,9,,,10,7,ScAs,8,1602,,01,23.3,,24.9,24.8,24.2,24.2
108,서울,2023-06-27 00:00,23.5,,0,,4.5,,200,,95,,27.4,22.6,994.6,,1004.3,,,9,,9,,,10,7,ScAs,9,1520,,01,23,,24.8,24.7,24.1,24.2
108,서울,2023-06-27 01:00,23.2,,0,,4.3,,200,,95,,26.9,22.3,994.2,,1003.9,,,9,,9,,,10,8,ScAs,8,605,,01,22.7,,24.7,24.6,24.1,24.2
108,서울,2023-06-27 02:00,22.4,,2.2,,4.8,,250,,97,,26.1,21.8,994.7,,1004.5,,,9,,9,,,10,7,StNs,5,298,,01,22.3,,24.6,24.5,24,24.1
108,서울,2023-06-27 03:00,21.9,,.3,,2.9,,250,,94,,24.6,20.8,994.9,,1004.7,,,9,,9,,,9,9,Sc,10,1805,,01,21.9,,24.4,24.4,23.9,24.1
108,서울,2023-06-27 04:00,21.7,,,9,2.9,,200,,93,,24.1,20.5,995.4,,1005.2,,,9,,9,,,9,9,Sc,9,1983,,,21.7,,24.3,24.3,23.8,24
108,서울,2023-06-27 05:00,21.5,,,9,3.8,,230,,92,,23.5,20.1,995.8,,1005.6,,,9,,9,,,9,9,Sc,8,2000,,,21.3,,24.1,24.2,23.8,24
108,서울,2023-06-27 06:00,21.4,,,9,2.7,,200,,92,,23.4,20,996.9,,1006.7,,0,,.02,,,,9,9,Sc,9,2000,,,21.5,,24,24,23.7,24
108,서울,2023-06-27 07:00,21.5,,,9,3.3,,250,,92,,23.5,20.1,997.6,,1007.4,,0,,.14,,,,9,9,Sc,9,2000,,,22,,23.9,23.9,23.6,23.9
108,서울,2023-06-27 08:00,21.9,,,9,3.9,,230,,88,,23.1,19.8,998.4,,1008.2,,0,,.47,,,,8,8,Sc,10,2000,,,23.9,,23.9,23.9,23.5,23.8
108,서울,2023-06-27 09:00,23.2,,,9,3.3,,230,,82,,23.2,19.9,998.8,,1008.6,,.7,,1.5,,,,8,8,Sc,6,2000,,,27,,24.2,23.9,23.4,23.8
108,서울,2023-06-27 10:00,24.5,,,9,3.6,,230,,78,,24,20.4,999,,1008.7,,.3,,1.55,,,,8,8,Sc,7,2000,,,29.9,,24.6,24.2,23.4,23.7
108,서울,2023-06-27 11:00,25.7,,,9,4.2,,230,,70,,23.1,19.8,999,,1008.7,,.6,,2.54,,,,6,6,Sc,7,2000,,,34.6,,25.1,24.6,23.5,23.7
108,서울,2023-06-27 12:00,26.6,,,9,3.9,,230,,68,,23.7,20.2,998.6,,1008.3,,.5,,2.41,,,,3,3,Sc,9,2000,,,37.2,,25.8,25.1,23.6,23.6
108,서울,2023-06-27 13:00,28,,,9,2.7,,230,,62,,23.4,20,998.3,,1007.9,,.8,,3.08,,,,6,6,Sc,11,2000,,,39.5,,26.6,25.7,23.8,23.6
108,서울,2023-06-27 14:00,28.1,,,9,3.7,,230,,55,,20.9,18.2,998.2,,1007.8,,.4,,2.25,,,,7,7,Sc,13,2000,,,35.5,,27.4,26.3,24.1,23.7
108,서울,2023-06-27 15:00,28.8,,,9,3.1,,250,,54,,21.3,18.5,998.2,,1007.8,,.4,,2.07,,,,5,5,Sc,13,2000,,,37,,27.7,26.7,24.4,23.8
108,서울,2023-06-27 16:00,28.3,,,9,4.5,,200,,54,,20.6,18,998.7,,1008.3,,.3,,1.48,,,,8,8,Sc,14,2000,,,31.2,,28,27,24.7,23.9
108,서울,2023-06-27 17:00,29.1,,,9,2.9,,180,,55,,22.1,19.1,998.4,,1008,,.8,,1.73,,,,3,3,Sc,15,2000,,,32.2,,28,27.2,24.9,24.1
108,서울,2023-06-27 18:00,29.1,,,9,2.3,,200,,53,,21.3,18.5,998.5,,1008.1,,.9,,1.08,,,,3,3,Sc,14,2000,,,29.4,,28,27.2,25.1,24.3
108,서울,2023-06-27 19:00,28.6,,,9,1.2,,270,,55,,21.4,18.6,998.8,,1008.4,,1,,.5,,,,2,1,,51,2000,,,27.2,,27.8,27.2,25.3,24.4
108,서울,2023-06-27 20:00,27.6,,,9,1.8,,250,,57,,21,18.3,999,,1008.6,,.1,,.13,,,,4,4,,46,2000,,,25.1,,27.5,27.1,25.4,24.5
108,서울,2023-06-27 21:00,26.6,,,9,2,,270,,67,,23.2,19.9,998.8,,1008.5,,,9,,9,,,6,6,Ac,33,2000,,,24.3,,27,26.8,25.4,24.6
108,서울,2023-06-27 22:00,26,,,9,2.3,,270,,70,,23.4,20,999.2,,1008.9,,,9,,9,,,7,7,,11,2000,,,24.1,,26.6,26.5,25.4,24.7
108,서울,2023-06-27 23:00,25.6,,,9,2.2,,270,,73,,23.8,20.3,999.4,,1009.1,,,9,,9,,,5,5,,6,2000,,,24,,26.3,26.2,25.3,24.8
108,서울,2023-06-28 00:00,25.1,,,9,1,,230,,75,,23.8,20.3,999,,1008.7,,,9,,9,,,9,9,Sc,6,2000,,,23.8,,26.1,26,25.2,24.8
108,서울,2023-06-28 01:00,25,,0,,2.6,,230,,82,,26,21.7,998.3,,1008,,,9,,9,,,8,8,Sc,4,1001,,04,23.7,,25.9,25.8,25.1,24.8
108,서울,2023-06-28 02:00,24.7,,,9,2.2,,200,,84,,26.1,21.8,998.8,,1008.5,,,9,,9,,,10,8,,4,873,,19,23.7,,25.8,25.7,25,24.7
108,서울,2023-06-28 03:00,24.5,,,9,2.4,,200,,84,,25.8,21.6,998.3,,1008,,,9,,9,,,9,9,Sc,8,886,,19,23.6,,25.6,25.6,24.9,24.7
108,서울,2023-06-28 04:00,24.4,,,9,2.1,,180,,84,,25.6,21.5,998.5,,1008.2,,,9,,9,,,9,9,Sc,4,427,,19,23.6,,25.5,25.4,24.8,24.7
108,서울,2023-06-28 05:00,24.2,,,9,2,,250,,86,,26,21.7,998.4,,1008.1,,,9,,9,,,9,9,Sc,8,612,,19,23.3,,25.4,25.3,24.7,24.6
108,서울,2023-06-28 06:00,24.2,,,9,1.1,,230,,88,,26.4,22,998,,1007.7,,0,,.01,,,,7,7,Sc,10,540,,19,23.6,,25.3,25.2,24.6,24.6
108,서울,2023-06-28 07:00,24.3,,0,,.9,,250,,87,,26.3,21.9,997.9,,1007.6,,0,,.08,,,,9,9,CuSc,4,481,,1904,23.9,,25.2,25.1,24.5,24.5
108,서울,2023-06-28 08:00,25,,0,,2.1,,230,,82,,26,21.7,998.7,,1008.4,,.2,,.56,,,,8,8,Sc,9,574,,1904,26.8,,25.2,25.1,24.4,24.5
108,서울,2023-06-28 09:00,25.2,,,9,2.3,,200,,77,,24.6,20.8,998.4,,1008.1,,0,,.59,,,,9,9,Sc,10,2000,,19,27.4,,25.4,25.2,24.4,24.4
108,서울,2023-06-28 10:00,26.5,,,9,2.1,,250,,75,,25.8,21.6,998.2,,1007.9,,.2,,1.56,,,,4,4,Sc,13,2000,,,33.1,,25.7,25.3,24.4,24.4
108,서울,2023-06-28 11:00,27.5,,,9,2.8,,250,,70,,25.6,21.5,998.1,,1007.7,,.5,,2.32,,,,8,8,Sc,10,2000,,,32.4,,26.4,25.7,24.4,24.3
108,서울,2023-06-28 12:00,28.4,,,9,2.8,,200,,66,,25.5,21.4,997.6,,1007.2,,.5,,2.63,,,,6,6,Sc,9,2000,,,35.3,,27.1,26.2,24.5,24.3
108,서울,2023-06-28 13:00,29.2,,,9,2.8,,230,,67,,27.1,22.4,997.1,,1006.6,,.6,,2.69,,,,7,7,Sc,9,2000,,,37.1,,27.9,26.9,24.8,24.3
108,서울,2023-06-28 14:00,29.5,,,9,3.2,,180,,65,,26.8,22.2,996.8,,1006.3,,.6,,2.54,,,,3,3,Sc,9,2000,,,36.9,,28.5,27.4,25,24.4
108,서울,2023-06-28 15:00,30,,,9,2.9,,250,,61,,25.8,21.6,996.1,,1005.6,,.8,,2.79,,,,4,4,Sc,9,2000,,,37.5,,29.1,27.9,25.3,24.5
108,서울,2023-06-28 16:00,29.1,,,9,3.6,,230,,65,,26.1,21.8,996.1,,1005.6,,.2,,1.12,,,,7,7,Sc,9,2000,,,32.4,,29.4,28.3,25.7,24.6
108,서울,2023-06-28 17:00,28.5,,,9,3.5,,230,,68,,26.4,22,996.3,,1005.9,,.2,,1.07,,,,9,1,ScCs,9,2000,,,30.6,,29.2,28.4,25.9,24.8
108,서울,2023-06-28 18:00,27.5,,,9,2.8,,250,,74,,27.1,22.4,996.4,,1006,,0,,.45,,,,10,9,ScCs,10,2000,,,28.2,,28.9,28.3,26.1,25
108,서울,2023-06-28 19:00,26.7,,,9,1.9,,230,,78,,27.2,22.5,996.2,,1005.8,,0,,.11,,,,9,7,,5,1770,,,27.1,,28.5,28,26.2,25.1
108,서울,2023-06-28 20:00,26.4,,,9,2.7,,200,,80,,27.4,22.6,996.4,,1006.1,,0,,.04,,,,10,9,,4,1386,,,26,,28.1,27.8,26.2,25.3
108,서울,2023-06-28 21:00,26.1,,,9,2.7,,200,,82,,27.6,22.7,996.5,,1006.2,,,9,,9,,,10,10,St,4,827,,19,25.6,,27.8,27.5,26.2,25.4
108,서울,2023-06-28 22:00,26,,,9,3,,200,,85,,28.4,23.2,996.7,,1006.4,,,9,,9,,,10,10,,3,703,,19,25.4,,27.5,27.3,26.1,25.4
108,서울,2023-06-28 23:00,25.9,,,9,1.7,,230,,85,,28.3,23.1,996.6,,1006.3,,,9,,9,,,6,6,,3,671,,19,25.4,,27.2,27.1,26,25.4
108,서울,2023-06-29 00:00,25.8,,,9,2.1,,180,,87,,28.8,23.4,996,,1005.7,,,9,,9,,,10,10,,,593,,19,25.2,,27,26.9,25.9,25.4
108,서울,2023-06-29 01:00,25.8,,,,1.7,,180,,86,,28.4,23.2,995.4,,1005.1,,,9,,9,,,7,7,,3,630,,19,25.3,,26.9,26.7,25.8,25.4
108,서울,2023-06-29 02:00,25.7,,,,1.4,,140,,88,,28.9,23.5,994.6,,1004.3,,,9,,9,,,7,7,,3,491,,19,25.1,,26.7,26.6,25.7,25.4
108,서울,2023-06-29 03:00,25.6,,,,3.4,,200,,89,,29.1,23.6,994.5,,1004.2,,,9,,9,,,10,10,St,3,471,,19,24.9,,26.6,26.5,25.6,25.3
108,서울,2023-06-29 04:00,25.4,,0,,2.1,,180,,89,,28.8,23.4,994.4,,1004.1,,,9,,9,,,10,10,St,2,385,,1902,24.8,,26.5,26.4,25.5,25.3
108,서울,2023-06-29 05:00,25.3,,,9,.9,,200,,89,,28.6,23.3,994.7,,1004.4,,,9,,9,,,10,10,St,3,432,,19,24.7,,26.4,26.3,25.5,25.3
108,서울,2023-06-29 06:00,25.4,,,9,.3,,0,,87,,28.1,23,994.3,,1004,,0,,.01,,,,10,10,St,4,614,,19,24.9,,26.3,26.2,25.4,25.2
108,서울,2023-06-29 07:00,25.5,,0,,1.4,,110,,89,,28.9,23.5,993.9,,1003.6,,0,,.04,,,,10,8,ScAs,6,668,,1901,25.1,,26.2,26.1,25.3,25.2
108,서울,2023-06-29 08:00,25.3,,1.5,,2,,160,,91,,29.3,23.7,993.5,,1003.2,,0,,.06,,,,10,8,StNs,3,466,,1901,25.1,,26.1,26,25.2,25.1
108,서울,2023-06-29 09:00,25.1,,2.4,,2.3,,160,,96,,30.6,24.4,992.6,,1002.3,,0,,.12,,,,10,9,StNs,6,173,,1901,25,,26.1,25.9,25.2,25.1
108,서울,2023-06-29 10:00,25,,3.5,,2,,110,,95,,30,24.1,992.3,,1002,,0,,.19,,,,10,9,StNs,5,377,,1901,25,,26,25.9,25.1,25
108,서울,2023-06-29 11:00,24.6,,14,,2.4,,140,,98,,30.2,24.2,992,,1001.6,,0,,.11,,,,10,9,StNs,4,224,,1901,24.5,,25.8,25.8,25.1,25
108,서울,2023-06-29 12:00,23.6,,23.8,,1.6,,200,,97,,28.1,23,991.4,,1001.1,,0,,.31,,,,10,8,StNs,6,1759,,1901,25.4,,25,25.2,24.9,25.1
108,서울,2023-06-29 13:00,24.6,,.9,,3.2,,160,,97,,29.8,24,989.9,,999.5,,0,,.58,,,,10,8,StNs,6,1189,,01,26.3,,25.1,25.1,24.7,25
108,서울,2023-06-29 14:00,24.6,,2.2,,3.1,,160,,98,,30.2,24.2,988.4,,998,,0,,.29,,,,10,8,StNs,5,678,,1901,25.5,,25.3,25.2,24.6,24.9
108,서울,2023-06-29 15:00,24,,3.2,,2.4,,200,,97,,28.8,23.4,988.2,,997.8,,0,,.22,,,,10,9,StNs,3,333,,1901,25,,25.4,25.3,24.6,24.8
108,서울,2023-06-29 16:00,23.3,,9.8,,2.1,,160,,97,,27.6,22.7,988,,997.6,,0,,.2,,,,10,9,StNs,3,679,,1901,24,,25.3,25.3,24.6,24.8
108,서울,2023-06-29 17:00,23.5,,.2,,.6,,180,,96,,27.7,22.8,987.6,,997.2,,0,,.11,,,,10,9,StNs,3,394,,1901,24.3,,25.2,25.2,24.5,24.8
108,서울,2023-06-29 18:00,23.6,,.2,,2.5,,200,,99,,28.8,23.4,987.4,,997,,0,,.05,,,,10,9,StNs,2,250,,1901,24,,25.2,25.1,24.5,24.7
108,서울,2023-06-29 19:00,23.7,,1,,3.2,,200,,99,,28.9,23.5,987.6,,997.2,,0,,.01,,,,10,9,StNs,2,187,,1901,23.8,,25.1,25.1,24.5,24.7
108,서울,2023-06-29 20:00,23.6,,1,,3.1,,200,,99,,28.8,23.4,988.1,,997.7,,0,,.01,,,,10,9,StNs,2,122,,1901,23.6,,25.1,25,24.4,24.7
108,서울,2023-06-29 21:00,23.4,,.1,,3.3,,200,,99,,28.4,23.2,988.6,,998.2,,,9,,9,,,10,9,StNs,2,169,,1901,23.4,,25,25,24.4,24.6
108,서울,2023-06-29 22:00,23.4,,0,,2.4,,200,,98,,28.1,23,988.9,,998.5,,,9,,9,,,10,10,St,2,362,,1901,23.5,,25,24.9,24.3,24.6
108,서울,2023-06-29 23:00,23.3,,0,,2.6,,250,,98,,27.9,22.9,989.5,,999.2,,,9,,9,,,10,10,St,2,132,,190201,23.4,,24.9,24.9,24.3,24.6
108,서울,2023-06-30 00:00,23.2,,0,,1.8,,200,,99,,28.1,23,989.4,,999.1,,,9,,9,,,10,10,,,72,,191602,23.3,,24.9,24.8,24.3,24.5
108,서울,2023-06-30 01:00,23.3,,.2,,1.5,,230,,99,,28.3,23.1,989.2,,998.9,,,9,,9,,,10,10,St,2,127,,191602,23.4,,24.8,24.8,24.2,24.5
108,서울,2023-06-30 02:00,23.3,,.3,,2.8,,200,,99,,28.3,23.1,988.8,,998.4,,,9,,9,,,10,10,St,9,91,,191602,23.4,,24.8,24.7,24.2,24.5
108,서울,2023-06-30 03:00,23.3,,.1,,2.6,,180,,99,,28.3,23.1,988.6,,998.2,,,9,,9,,,10,10,St,9,90,,1602,23.4,,24.8,24.7,24.1,24.4
108,서울,2023-06-30 04:00,23.3,,0,,.7,,270,,99,,28.3,23.1,988.7,,998.3,,,9,,9,,,10,10,St,2,105,,191602,23.5,,24.7,24.7,24.1,24.4
108,서울,2023-06-30 05:00,23.4,,0,,2.8,,230,,99,,28.4,23.2,988.8,,998.4,,,9,,9,,,10,10,St,2,168,,1902,23.4,,24.7,24.6,24.1,24.4
108,서울,2023-06-30 06:00,23.3,,0,,2.2,,200,,98,,27.9,22.9,989,,998.6,,0,,0,,,,10,10,St,2,194,,1902,23.4,,24.7,24.6,24,24.3
108,서울,2023-06-30 07:00,23.4,,0,,1.8,,180,,98,,28.1,23,988.9,,998.5,,0,,.05,,,,10,10,St,2,190,,1902,23.6,,24.7,24.6,24,24.3
108,서울,2023-06-30 08:00,23.6,,0,,1.3,,250,,98,,28.4,23.2,989.7,,999.3,,0,,.13,,,,10,10,St,2,357,,1902,24.4,,24.7,24.6,24,24.2
108,서울,2023-06-30 09:00,24.1,,0,,1.1,,200,,97,,28.9,23.5,989.9,,999.5,,0,,.35,,,,10,10,St,4,412,,1902,26.7,,24.8,24.6,24,24.2
108,서울,2023-06-30 10:00,24.7,,0,,.1,,0,,91,,28.3,23.1,989.9,,999.5,,0,,.62,,,,8,8,St,3,732,,1902,28,,25,24.7,24,24.2
108,서울,2023-06-30 11:00,25.2,,0,,1.8,,20,,92,,29.5,23.8,990.1,,999.7,,0,,.49,,,,10,10,St,4,1019,,1902,26.8,,25.4,25,24,24.2
108,서울,2023-06-30 12:00,25.1,,.1,,2.2,,20,,92,,29.3,23.7,990.3,,1000,,0,,.24,,,,10,8,StNs,5,796,,190201,26,,25.5,25.1,24.1,24.2
108,서울,2023-06-30 13:00,26.5,,.3,,2.4,,360,,88,,30.4,24.3,990.2,,999.8,,.1,,1.33,,,,9,9,Sc,7,889,,1901,31.3,,25.6,25.2,24.1,24.2
108,서울,2023-06-30 14:00,27,,0,,1.2,,270,,85,,30.2,24.2,989.9,,999.5,,0,,.85,,,,10,5,ScAs,7,874,,1901,30.9,,26,25.5,24.2,24.2
108,서울,2023-06-30 15:00,27.4,,0,,1.3,,180,,82,,29.8,24,989.6,,999.1,,0,,1.1,,,,9,9,Sc,10,963,,1901,31,,26.4,25.8,24.3,24.2
108,서울,2023-06-30 16:00,28.9,,,9,2,,270,,76,,30.2,24.2,989.3,,998.8,,.7,,2.1,,,,7,7,Sc,8,949,,19,34.9,,26.9,26.1,24.5,24.3
108,서울,2023-06-30 17:00,28.5,,,9,2.6,,250,,76,,29.5,23.8,989.5,,999,,.5,,1.39,,,,6,6,Sc,9,994,,19,31.2,,27.4,26.6,24.7,24.3
108,서울,2023-06-30 18:00,28,,,9,2.8,,250,,78,,29.3,23.7,989.9,,999.4,,.1,,.77,,,,6,6,Sc,8,1321,,19,29.4,,27.5,26.8,24.9,24.4
108,서울,2023-06-30 19:00,27.6,,,9,2.5,,250,,79,,29.1,23.6,990.3,,999.8,,0,,.48,,,,3,3,,12,1639,,,27.5,,27.4,26.9,25.1,24.5
108,서울,2023-06-30 20:00,26.9,,,9,1.9,,290,,81,,28.6,23.3,990.9,,1000.5,,0,,.12,,,,3,1,,,1520,,,25.8,,27.2,26.8,25.2,24.6
108,서울,2023-06-30 21:00,26.2,,,9,1.8,,270,,84,,28.4,23.2,991.5,,1001.1,,,9,,9,,,0,0,,,1660,,,24.7,,26.9,26.6,25.3,24.7
108,서울,2023-06-30 22:00,25.4,,,9,2.2,,270,,86,,27.7,22.8,992.2,,1001.9,,,9,,9,,,0,0,,,1436,,,24,,26.6,26.4,25.3,24.8
108,서울,2023-06-30 23:00,25,,,9,2.3,,290,,87,,27.4,22.6,992.7,,1002.4,,,9,,9,,,2,2,,8,1321,,,23.6,,26.3,26.2,25.2,24.8
